yyyymm,contraction,expansion,financial_stress,stagflation
198001,2.4814351460362886e-07,0.006472591425658816,0.9883891854622165,0.0051379749686100065
198002,4.410661729835886e-07,0.00803385488750735,0.9848957696575777,0.007069934388741875
198003,5.8277016647898696e-09,2.13207985566496e-05,0.999461266736984,0.0005174066367575104
198004,9.140336491428458e-09,3.392470623137313e-05,0.9998851206639987,8.094548943334126e-05
198005,4.19899043861753e-08,0.010788089213527408,0.9891226627511952,8.920604537300185e-05
198006,3.6797345059547385e-08,0.048187972740999854,0.951669818899226,0.00014217156242902305
198007,3.165498921164107e-05,0.6894946709904864,0.31044953581987467,2.4138200427205338e-05
198008,2.2760700927674487e-06,0.2239302228270517,0.7757400524549594,0.0003274486478961316
198009,3.291441587386107e-07,0.020671166265324274,0.9791508285984478,0.00017767599206922006
198010,1.0071806732360033e-07,0.0028291551786605836,0.9970010644858082,0.0001696796174638748
198011,1.0772753103327353e-06,0.0008744716278031173,0.998586727457116,0.0005377236397705028
198012,8.002902390581682e-08,1.959227789540805e-05,0.9998046882875244,0.00017563940555618697
198101,6.1016762018826e-08,3.752553606159904e-05,0.9998884616633911,7.395178378510828e-05
198102,4.345536540991537e-08,0.00012051331125479383,0.999675211965713,0.00020423126766681827
198103,2.6105954654441336e-07,0.0006998373229285785,0.9992141997948633,8.570182266163704e-05
198104,1.8898840906788126e-06,0.009713929264275657,0.9899213538586276,0.0003628269930059813
198105,1.3691643377994948e-06,0.00038790518564539686,0.9989509624214752,0.0006597632285415334
198106,1.0083650590061691e-07,0.0003148825385334261,0.9995194276374342,0.00016558898752647424
198107,1.0417497342895265e-07,0.00076884694085345,0.9986713111836284,0.000559737700544613
198108,7.725219370447679e-07,0.0037429598188467588,0.9959589115532025,0.0002973561060138499
198109,1.718291068803889e-07,0.003700787711526942,0.9960251448038273,0.0002738956555389619
198110,9.52852423498952e-06,0.014617919159820948,0.98531257415122,5.997816472399203e-05
198111,1.5015688514508222e-06,0.014422229788591272,0.9855483388191093,2.7929823447738476e-05
198112,1.0773717155854188e-06,0.023844803323089938,0.9761328215348686,2.129777032595901e-05
198201,2.316295738697874e-06,0.013248904822834046,0.9867155562329571,3.3222648470073105e-05
198202,2.756530269179838e-06,0.006767356051810446,0.9931889048622005,4.098255571990741e-05
198203,8.506339216664423e-06,0.009623153191251206,0.9903608730475056,7.467422026522556e-06
198204,1.157161225729704e-06,0.0028878338995969423,0.9970696988025097,4.131013666754697e-05
198205,9.241447898347947e-08,0.0024998182235638567,0.9973673098394507,0.00013277952250640614
198206,3.125771794667914e-08,0.002703881577904298,0.9969621065864142,0.00033398057796360314
198207,4.287851294531635e-06,0.023315035987595913,0.976540533374075,0.0001401427870345984
198208,1.1424957312397708e-07,0.0005545474096989301,0.9994442597613404,1.078579387419523e-06
198209,9.97227633413695e-07,0.021718159985019764,0.9782737155196287,7.127267717994827e-06
198210,1.0317710301166797e-07,0.0006774059684239551,0.9993204587563688,2.032098104372697e-06
198211,4.768601008210174e-06,0.001874725250642926,0.998118752681505,1.7534668439377628e-06
198212,0.00031680439942321126,0.11999594243796051,0.8796738628724787,1.3390290137724607e-05
198301,2.5560406812843902e-05,0.05097696517656822,0.9489236718402402,7.38025763785833e-05
198302,0.00033865046568974763,0.20946007837610664,0.7899212046647448,0.00028006649345885693
198303,0.0006668546924171417,0.28259351766447854,0.7164775283578069,0.0002620992852973868
198304,5.83984658244458e-05,0.1361606392553707,0.8605405803371843,0.003240381941620546
198305,8.442011499256409e-05,0.4406081950609904,0.5572685162902744,0.0020388685337425338
198306,0.0002538493914880034,0.38454345483085106,0.6143596448807811,0.0008430508968798896
198307,7.436719532945933e-05,0.6365259858604633,0.3629013637440543,0.0004982832001527543
198308,0.00026338099839850896,0.8458714375628206,0.15329704530989474,0.0005681361288859442
198309,9.048077600262717e-05,0.8010719083385784,0.19789871034368064,0.0009389005417382621
198310,7.439734286708581e-05,0.8945811852426303,0.1051415116132625,0.0002029058012399657
198311,0.00011710337637862246,0.9101728012116477,0.08955200338662558,0.00015809202534804428
198312,0.00014185636924945186,0.937872677002898,0.061890863077685106,9.46035501673739e-05
198401,1.1164405047383331e-05,0.6038051428923097,0.39572776996855197,0.0004559227340908963
198402,1.0236049504857207e-05,0.34158179221173585,0.6581705411864698,0.00023743055228963228
198403,6.443945777706095e-05,0.6375942469197736,0.36219678163832697,0.00014453198412221248
198404,1.9005670891888517e-05,0.47173143396586725,0.5278749509944308,0.0003746093688101439
198405,1.9330081851195783e-05,0.7268482487961958,0.2730383498503229,9.407127163017486e-05
198406,0.00015356421398199675,0.4588641283808488,0.540554310827194,0.0004279965779752901
198407,0.00012949035467059252,0.19920768718336165,0.7998604547677336,0.0008023676942341773
198408,6.853002642871677e-05,0.015960615786116076,0.9834776024059163,0.0004932517815390363
198409,0.0003873466706701685,0.09014895502685029,0.906156463244725,0.0033072350577545945
198410,0.004404359217708785,0.42255466522735197,0.5682011621743678,0.00483981338057148
198411,0.01351541621145434,0.8791799729466213,0.10618173161052996,0.0011228792313945344
198412,0.015465983846065108,0.8801079711947055,0.10327986728656868,0.0011461776726606643
198501,0.01947287763177587,0.8402963427356585,0.1359008573120398,0.004329922320525724
198502,0.003775601943444006,0.9092887125619874,0.08021841243909042,0.006717273055478209
198503,0.007261598055145907,0.8787443916225436,0.10719653616996086,0.00679747415234974
198504,0.0024625970522370133,0.8836831589656172,0.10844975943285151,0.005404484549293989
198505,0.008430914155162065,0.747282895777161,0.23503940144159183,0.009246788626085009
198506,0.009713096263682362,0.8452939739210822,0.14003749318862188,0.004955436626613501
198507,0.009879148066160059,0.8772723720237577,0.1101244210707381,0.0027240588393442483
198508,0.011256456013005199,0.8693400602755694,0.11635860179689993,0.003044881914525301
198509,0.01413846691382276,0.8465267628191389,0.13361369850497892,0.005721071762059352
198510,0.012408971566228394,0.8324011311942008,0.14555806020158563,0.009631837037985069
198511,0.03796026774921855,0.7066797568855839,0.24004139818868137,0.015318577176516189
198512,0.02956615342167032,0.6614413165990619,0.2946955261862621,0.01429700379300564
198601,0.029017799325443423,0.570066744871061,0.386706761675874,0.014208694127621475
198602,0.3967686005239987,0.45446303053558174,0.14535166797447527,0.0034167009659441063
198603,0.590750517636908,0.30559851925305137,0.10221668930648901,0.0014342738035516105
198604,0.4195009515457132,0.38205469101578393,0.19304074317736983,0.005403614261133106
198605,0.10014343190476103,0.7632002426487241,0.10983672393001709,0.026819601516497836
198606,0.023843382000803683,0.640631716818572,0.27058073642325814,0.06494416475736624
198607,0.0649437737918683,0.7521499524220031,0.17872037234746052,0.004185901438668122
198608,0.03748745303576157,0.7483225443532597,0.20428825036068288,0.00990175225029591
198609,0.002621338481364346,0.4326606689672836,0.5579954806750729,0.006722511876279095
198610,0.02071069855961574,0.9123746812685539,0.064316612890353,0.002598007281477378
198611,0.019919178948788193,0.8298721414490281,0.14699501456589298,0.003213665036290669
198612,0.04692909888309902,0.77249182156636,0.17451047638333153,0.006068603167209487
198701,0.007300970117558543,0.4830798977680012,0.4594021289961981,0.050217003118242176
198702,0.030221686982904634,0.7861702698155193,0.15949937791240154,0.024108665289174547
198703,0.015253790095648886,0.7537290388908159,0.20500681317026173,0.026010357843273536
198704,0.003607193456245978,0.4819406051290495,0.4979853806816902,0.016466820733014365
198705,0.005707457401796501,0.8632245985577025,0.12478366658116141,0.006284277459339563
198706,0.008026739406613883,0.9387813483281204,0.04626720668893819,0.006924705576327487
198707,0.014038454168428012,0.9517471713665518,0.028665914118981953,0.005548460346037974
198708,0.008589626791265497,0.8744774490412329,0.09281613288290155,0.024116791284600144
198709,0.0044400129698963925,0.8084521968054236,0.17042302611298507,0.016684764111695137
198710,4.7148228414669086e-21,1.1701896406275874e-24,1.0,2.3502246000646358e-18
198711,0.0006719326203105905,0.2196576199283492,0.779398669016325,0.00027177843501524114
198712,0.001087637863675306,0.24171968814517722,0.7569440272199488,0.0002486467711987309
198801,0.00017697591323845177,0.016503133062087966,0.9830395956341407,0.0002802953905330402
198802,0.0020356283053675314,0.8666802180072383,0.1296162972095413,0.001667856477852832
198803,0.0007812544302483708,0.9027889105408784,0.09441339578664386,0.002016439242229364
198804,0.000550039476428857,0.5477805713502159,0.4482314033479909,0.0034379858253643382
198805,0.00175575729117418,0.7886921426403245,0.20707844786525562,0.002473652203245671
198806,0.0042292192523513865,0.6709366577688365,0.31605635936320564,0.00877776361560649
198807,0.003067257983693413,0.7203112843126172,0.26967562202176365,0.006945835681925771
198808,0.00442048525001132,0.77020308311928,0.21694422343776332,0.00843220819294537
198809,0.004384267341328435,0.6145338253616025,0.3387226780073834,0.04235922928968555
198810,0.027541815678331725,0.7591140728189916,0.19474583798020348,0.01859827352247325
198811,0.04337675785223635,0.7392374089613968,0.21097588393334646,0.006409949253020556
198812,0.15574829739388346,0.5890837309721274,0.22831387363977973,0.026854097994209486
198901,0.08269446835353329,0.37218428369699336,0.4032872801856696,0.1418339677638038
198902,0.1258490334356316,0.3917665612510864,0.3741375128067726,0.1082468925065095
198903,0.07194552201890589,0.3389155533694932,0.39315858249463387,0.19598034211696708
198904,0.06736662472466934,0.376891635086418,0.27655767426670996,0.2791840659222028
198905,0.14664028916774835,0.2829450021743421,0.27857322640231114,0.29184148225559836
198906,0.3456612400116253,0.30820355873233857,0.2680880150119931,0.07804718624404297
198907,0.5631561144251799,0.22240480510521057,0.12136118923862287,0.09307789123098668
198908,0.5603051672273222,0.26628026079807815,0.11719607742052389,0.056218494554075835
198909,0.3949962225485134,0.41115250303089396,0.08831760946081796,0.10553366495977484
198910,0.061354057060983964,0.038316326885326726,0.816130053202727,0.08419956285096222
198911,0.564507637639811,0.27314467441230206,0.08360907221201334,0.07873861573587343
198912,0.29935067379494645,0.5275516683703049,0.13422748987804475,0.03887016795670399
199001,0.0037698171227587207,0.11619963674306066,0.5699490614895475,0.31008148464463314
199002,0.07428666710936911,0.6377548081653205,0.1985897984040624,0.08936872632124788
199003,0.049062865656345524,0.706324756544068,0.14603217584779413,0.09858020195179237
199004,0.11076440905927379,0.8215749912064177,0.054513415237996125,0.013147184496312426
199005,0.08333335680939852,0.7515305291954981,0.14104534798225435,0.024090766012849017
199006,0.02554469777452451,0.6441226819029511,0.25713685658155977,0.07319576374096474
199007,0.024348752377127865,0.7556613287246088,0.1933091002204121,0.026680818677851378
199008,0.00026417293814034375,0.04269227156680221,0.9351067971100849,0.021936758384972423
199009,0.0011354616666361974,0.4784494836279236,0.47909461140015136,0.041320443305288695
199010,0.0009704021543276874,0.10357087627511849,0.8864377962297003,0.009020925340853518
199011,0.012407952620641576,0.4152985136440009,0.5653817736806197,0.006911760054737809
199012,0.041864954866761374,0.7730062559836841,0.18147657188547323,0.0036522172640812613
199101,0.0017193717193785213,0.21766053364716606,0.7657362740480022,0.014883820585453313
199102,0.02047814695340289,0.7722358393565386,0.20241619159450497,0.004869822095553601
199103,0.015075109977985368,0.9226159737034648,0.05921649317955405,0.0030924231389956366
199104,0.011322832382395025,0.931532034813953,0.05484280017952376,0.0023023326241282233
199105,0.006064294980523542,0.9649064813877168,0.026063133000399502,0.00296609063136001
199106,0.002185040444772992,0.9824537180875967,0.01413333937455711,0.0012279020930732031
199107,0.004933685344108151,0.9864085672379567,0.00783424179630652,0.000823505621628541
199108,0.0033296280529483695,0.9751616492405821,0.019728119452900077,0.0017806032535696234
199109,0.0009086399218163812,0.9907796136218182,0.006920506725597061,0.0013912397307685369
199110,0.0019441539573450092,0.991683559599974,0.005971928850596799,0.0004003575920841341
199111,0.0004537576674470719,0.9882976907952501,0.010901615224652151,0.00034693631265055047
199112,0.0014942473686984147,0.9932082093796754,0.00509762680793942,0.00019991644368664183
199201,0.00044979966273355035,0.99824816029683,0.0012129233978215412,8.91166426150709e-05
199202,0.00020896074571173624,0.997544920214351,0.00203354770410135,0.00021257133583621745
199203,4.958825915585631e-05,0.9981159956805586,0.0016597177060533683,0.00017469835423228306
199204,0.00021789686062168693,0.9981486843919456,0.0015789435904832437,5.4475156949362174e-05
199205,0.00021074165585663267,0.9990912999454223,0.0006536873105543219,4.42710881665717e-05
199206,5.739289203026387e-05,0.9988326509129606,0.0010396335976276148,7.032259738154086e-05
199207,0.00010188082823936765,0.9993139823262035,0.0005462290130038798,3.790783255347654e-05
199208,4.5029501294218774e-05,0.9996570478550582,0.00027125258281407037,2.667006083353155e-05
199209,5.3210937932967445e-05,0.999544322144694,0.0003715533179548732,3.091359941822584e-05
199210,2.9634975996417983e-05,0.9992408795664519,0.0006932251996179798,3.626025793377351e-05
199211,0.00010318061557747267,0.9994209019962224,0.00045151559508456923,2.4401793115531894e-05
199212,0.00023279592893070294,0.9994289892666158,0.00032616596979473264,1.2048834658696974e-05
199301,2.1650486850108667e-05,0.9994277883207765,0.0004851828677728961,6.537832460028114e-05
199302,5.2898477608276185e-05,0.9993172602503494,0.000576632870951139,5.3208401091121636e-05
199303,0.00010139426732214336,0.9994392772031317,0.00038518833161563156,7.414019793033299e-05
199304,8.279716120671455e-05,0.9993619536227027,0.0005097484405246521,4.550077556588693e-05
199305,0.0001530203975358936,0.9992487153405317,0.0005643156675538932,3.394859437841919e-05
199306,0.0001992688866252873,0.9992435530390709,0.0005156699665739959,4.150810772973076e-05
199307,0.00031485565967565,0.9991700330536658,0.0004898689715350581,2.5242315123399244e-05
199308,0.00018932449360130148,0.9989789371149642,0.0007277732432222107,0.00010396514821217226
199309,0.00015987996490493943,0.9992901083810716,0.0004961553120745176,5.3856341948841686e-05
199310,0.00010994569736264943,0.999113040464042,0.0006277305677622128,0.00014928327083293567
199311,0.00018521815514601535,0.9992081970222464,0.0005782396912890515,2.834513131845722e-05
199312,0.00016279292722860402,0.9993870397189775,0.00043348869308317396,1.6678660710795186e-05
199401,0.00010809293995119184,0.9990511206414289,0.0007691694917436394,7.161692687621101e-05
199402,6.569474719381028e-05,0.9986637495410264,0.0011919708484629382,7.858486331672557e-05
199403,6.595435390289721e-05,0.9988336098351006,0.001028874534855974,7.1561276140538e-05
199404,0.00017026865530266877,0.9986316914692636,0.0011550954206826641,4.2944454751118266e-05
199405,0.00027101643369832097,0.998768021871996,0.0009195839339109719,4.1377760394773786e-05
199406,0.00014596735974990504,0.997679540658682,0.002023920365723386,0.00015057161584458462
199407,0.0003685010137241772,0.9974838592608034,0.0019392255952894177,0.00020841413018305458
199408,0.0003808664309726183,0.9959884807431343,0.003097232651687415,0.0005334201742058504
199409,0.0004143162254089538,0.996836670837246,0.0025170227935356337,0.00023199014380944757
199410,0.0015079964381441405,0.9950806816725801,0.003218104079981561,0.0001932178092941944
199411,0.001683333240217739,0.9932766956275446,0.004698829043694916,0.00034114208854257833
199412,0.007146017279364079,0.9869684503024924,0.005421553342636405,0.00046397907550717646
199501,0.002886222971283868,0.9845900836547558,0.009437143414296164,0.0030865499596641668
199502,0.0045469421853491215,0.9789256068391474,0.011897311099110639,0.004630139876392862
199503,0.0047637454099357,0.9835283848600322,0.008654538693824244,0.0030533310362076517
199504,0.005740943871339199,0.983963911263666,0.006946091390179296,0.0033490534748155513
199505,0.024924536678685508,0.9553798622834213,0.014385549294448588,0.005310051743444401
199506,0.026900060552031275,0.9555680767266539,0.012107394435164115,0.005424468286150879
199507,0.05185356521854858,0.9372674062094699,0.008378204213477531,0.002500824358503922
199508,0.01761095431360248,0.9678131907497396,0.008892860400744367,0.005682994535913467
199509,0.033448880640039876,0.952469648588167,0.008130989308531907,0.005950481463261328
199510,0.014808829440613689,0.9635457737970287,0.013356930019724845,0.008288466742632826
199511,0.05036302084978912,0.9391659558013756,0.008542122539451108,0.0019289008093839608
199512,0.062278495525085305,0.9258406294321099,0.009626755231389578,0.0022541198114152078
199601,0.00809709891093223,0.9181520670443418,0.04058069949945256,0.03317013454527325
199602,0.010257317170155678,0.9702222920604491,0.013360396506172522,0.006159994263222578
199603,0.005744780731312357,0.94669146952683,0.03213784167715814,0.015425908064699376
199604,0.004078320900541938,0.979413704612589,0.011856301351792574,0.004651673135076356
199605,0.004647727318577478,0.9853000813498208,0.00848198518298102,0.0015702061486209777
199606,0.006535150830860609,0.9881260441358084,0.004483184314148053,0.0008556207191829684
199607,0.0035186398089754895,0.9625243459087508,0.0322908915147287,0.001666122767545058
199608,0.0023056029481030586,0.9863770707102093,0.010337101040289235,0.0009802253013982535
199609,0.0024643290816963722,0.9859766409525599,0.009312013294558531,0.0022470166711849714
199610,0.004444362335744948,0.9824729544551992,0.009622495026806696,0.003460188182249162
199611,0.01642788976115418,0.9683821293594647,0.010648991867179701,0.004540989012201454
199612,0.017278253161205716,0.9679385434182346,0.013291291506910543,0.0014919119136491722
199701,0.0071833245361534945,0.9708716656877813,0.01622960357346818,0.005715406202597102
199702,0.00802825068891339,0.9714920669440807,0.014625215549686793,0.00585446681731918
199703,0.008981518292026452,0.9666212130859434,0.020021449604378957,0.004375819017651117
199704,0.03737597312739532,0.9198686223316676,0.03615762939788827,0.0065977751430486955
199705,0.0908040285251832,0.895930012623723,0.010014551768537308,0.0032514070825565805
199706,0.0756579619707148,0.9026226901075018,0.012518801310682427,0.009200546611100958
199707,0.14981151492584396,0.8158250175879976,0.01657899687077112,0.01778447061538755
199708,0.08067718244343729,0.8765206543998891,0.02587315233040277,0.016929010826270654
199709,0.0687816518054632,0.8860667617375847,0.023464839008530716,0.021686747448421383
199710,0.02652249500169249,0.09080417660008104,0.8655209442397005,0.017152384158526
199711,0.23972726382492965,0.7361081791874798,0.016085564257668005,0.008078992729922551
199712,0.3059570732557728,0.6773926644807858,0.010412267074377281,0.0062379951890639985
199801,0.16896136374026102,0.7733419959021172,0.026475973718384237,0.031220666639237428
199802,0.19683633960093513,0.7667512977482708,0.0075630664440971135,0.028849296206696854
199803,0.13442149372178416,0.8349613188793127,0.007410292012911249,0.023206895385992098
199804,0.14314545779737764,0.8187518177982022,0.011701288164663327,0.02640143623975679
199805,0.10795089420603358,0.865495685295456,0.007013646595111469,0.019539773903399147
199806,0.12357427408602999,0.8440066835666192,0.014527292385123463,0.017891749962227248
199807,0.10158323318781945,0.867617677879608,0.015372278027241799,0.01542681090533072
199808,0.022031451476275395,0.09135117734905084,0.8786586332433536,0.007958737931320235
199809,0.026109740624611525,0.04851622285583989,0.9165787723769291,0.008795264142619509
199810,0.07527894692477911,0.6791472638413546,0.20820999276096555,0.03736379647290083
199811,0.1840071119083005,0.7755565106953971,0.026604798124008684,0.013831579272293814
199812,0.31767048937066655,0.5947833925737858,0.06988803506172525,0.01765808299382238
199901,0.20970984073679663,0.5553261928107961,0.14065031186586402,0.09431365458654335
199902,0.18518614983371878,0.6782719311864993,0.09968386483308628,0.03685805414669576
199903,0.09217774441973324,0.7646704709241373,0.07907867047643327,0.06407311417969606
199904,0.012292978238341825,0.7358880775869883,0.06820039236963417,0.1836185518050357
199905,0.12434245792132773,0.8401641134503153,0.025219538490252248,0.010273890138104742
199906,0.2284637725349135,0.7442208321335017,0.013132201322847549,0.014183194008737144
199907,0.06111242008580745,0.8949463776859757,0.012168543894433689,0.031772658333782976
199908,0.09507976705074545,0.8392788548116509,0.029744872487767013,0.0358965056498365
199909,0.029980930854160325,0.8343484629249577,0.06036048313676003,0.07531012308412188
199910,0.12284571754357874,0.6318590198581272,0.19943531979462165,0.0458599428036723
199911,0.15593399616004458,0.816579269773652,0.011140340688128265,0.016346393378175363
199912,0.20104053091958698,0.783619427389266,0.00414307250068493,0.011196969190462114
200001,0.07289164396653952,0.7010176763053962,0.16449272285616556,0.06159795687189869
200002,0.01937716631149324,0.7519908715285819,0.09166251569309011,0.1369694464668348
200003,0.009455940856019555,0.06400324561291103,0.5223382289954481,0.40420258453562125
200004,0.26164172712787936,0.079624122075369,0.6133719678515598,0.045362182945191995
200005,0.36890803599652733,0.1862711129217826,0.3587895870856478,0.0860312639960422
200006,0.14637889387212838,0.3605826032760896,0.08900605014135671,0.4040324527104252
200007,0.518334569365657,0.3091944030778432,0.03242350932459119,0.14004751823190867
200008,0.7866938804623262,0.17072308426816957,0.006263484539621248,0.03631955072988297
200009,0.19559842300360353,0.3161734452956302,0.04746991158690185,0.44075822011386434
200010,0.5083222942845341,0.08059927027000532,0.2729415033390282,0.1381369321064323
200011,0.7626215684752627,0.10106934108358097,0.0659108926372857,0.07039819780387054
200012,0.8440041833697859,0.04203092065708673,0.08056718435046507,0.03339771162266242
200101,0.1261616627331348,0.08939765228065034,0.18504367213356898,0.5993970128526458
200102,0.43591836218362856,0.2589915998665137,0.040699802325245525,0.2643902356246121
200103,0.3308178800607929,0.09129743078873134,0.47746920298955337,0.10041548616092248
200104,0.17178082326617222,0.146509394868387,0.5080609287290436,0.17364885313639722
200105,0.17621203616557554,0.6622347993372218,0.0190311849555637,0.14252197954163895
200106,0.22760923460926274,0.744499254208811,0.004302324825434573,0.02358918635649155
200107,0.6657268307911774,0.3276221688611216,0.003471333178265554,0.003179667169435279
200108,0.3592218781662637,0.6239283102179444,0.0052633806569627895,0.011586430958829112
200109,0.09643179020733306,0.48659404760602804,0.3047275819581971,0.11224658022844193
200110,0.4469372127758168,0.5496684253898401,0.002199068121570455,0.001195293712772822
200111,0.22141107510908006,0.7763508555018315,0.0006886938669711287,0.001549375522117383
200112,0.2627322748785163,0.7352285333889528,0.0014248998357945775,0.0006142918967364414
200201,0.060577800275043094,0.9169230212147172,0.009710173885107854,0.01278900462513157
200202,0.03564104487218626,0.9068401712983583,0.027367036419326543,0.030151747410129017
200203,0.008439142226441728,0.9590210719010142,0.009282706623166001,0.023257079249378188
200204,0.006353522122336637,0.9622565344702256,0.012662364092690937,0.01872757931474683
200205,0.021936237672998182,0.9497019471216599,0.026414508594721317,0.0019473066106206565
200206,0.006792861707390514,0.9704225283174637,0.021701960658872147,0.0010826493162735531
200207,6.67471887594233e-05,0.0015015183082941574,0.9983732186920368,5.851581090958294e-05
200208,0.0018740175042474948,0.18609342554617392,0.808527165597367,0.0035053913522114753
200209,0.002224408960342049,0.5249427198678059,0.4713967242700342,0.0014361469018176524
200210,0.0004056012645574092,0.020418487352828158,0.9787909908048188,0.00038492057779574064
200211,0.008374368733681942,0.957420315055981,0.03332366711059512,0.000881649099741907
200212,0.00908014468531692,0.986497819881945,0.004261405934254145,0.0001606294984838201
200301,0.0009287904785462157,0.9143695651982497,0.0820020305323394,0.002699613790864486
200302,0.0002087717283444815,0.9784925672963719,0.016491884198198147,0.004806776777085563
200303,0.0008799829650141737,0.8258154607357098,0.1662974873378847,0.007007068961391262
200304,0.01429750664861138,0.9810692402328399,0.0044138281898280845,0.0002194249287207762
200305,0.060048906602817455,0.934918620314213,0.004160812401486367,0.0008716606814832297
200306,0.029922437654586402,0.9605594829392459,0.006612565678669893,0.002905513727497727
200307,0.015631415744976656,0.9801359774807281,0.0028428864288239804,0.001389720345471115
200308,0.0044298595535723255,0.9904867152815501,0.0022222987934203335,0.002861126371457248
200309,0.004593442768153826,0.9887327116562944,0.004266162318136046,0.002407683257415929
200310,0.012466298565074715,0.9862744145846442,0.000978550186991684,0.00028073666328959113
200311,0.011021784999016139,0.9884087919615642,0.0004830767616382093,8.634627778151364e-05
200312,0.009466663774605503,0.9896746665116729,0.0006405489236837314,0.00021812079003762194
200401,0.0015688934864615729,0.9943999735677902,0.0015719680311069078,0.002459164914641356
200402,0.0011069896663550986,0.9958086262670551,0.0008305093198149277,0.0022538747467750315
200403,0.0005207622163964826,0.9934857294336035,0.0028946394521735153,0.0030988688978265343
200404,0.0005684698472926041,0.9986167854020019,0.0005005925364674854,0.0003141522142380804
200405,0.00017256031191050967,0.9985107542713537,0.0006269203635883133,0.000689765053147477
200406,0.0006659695465749442,0.9983408588110583,0.0005996285943137994,0.00039354304805301366
200407,0.0027707658424801114,0.9968396290687174,0.00033282479095534057,5.678029784714325e-05
200408,0.0025363645142559713,0.9959160089659785,0.0012933412190523472,0.00025428530071336077
200409,0.002837625078495458,0.9952487492410779,0.0012051254578080094,0.0007085002226187706
200410,0.0017490239803677745,0.9914604511970715,0.0029211855403476496,0.0038693392822131073
200411,0.005984638607861337,0.9928000456961413,0.0007643452526686031,0.0004509704433285951
200412,0.02970194270500419,0.969809123744594,0.000380586826564033,0.0001083467238376557
200501,0.005504005824533868,0.9916593042723216,0.001515546315901551,0.0013211435872429135
200502,0.0025283573475619373,0.986786550091878,0.0029844824671520407,0.007700610093407988
200503,0.0014204444469422567,0.9734009659032657,0.005578022973338481,0.01960056667645354
200504,0.0030017009208979963,0.9583265179182694,0.016752248405572715,0.02191953275525988
200505,0.05438472587857014,0.9401387834094908,0.004043580307086331,0.0014329104048528486
200506,0.03464177175775341,0.9562148021996547,0.006180731129085814,0.002962694913506032
200507,0.012716754078715385,0.9508330126236135,0.015608735971346687,0.020841497326324492
200508,0.0134074897527952,0.9302260134651023,0.02379540568519829,0.032571091096904356
200509,0.000641443233750138,0.6520686429902065,0.05681262266608677,0.29047729110995657
200510,0.03267053503152935,0.9071368617109393,0.0489888015505301,0.011203801707001087
200511,0.4761645938784336,0.5217369445076686,0.001993800300416968,0.0001046613134808318
200512,0.27101420407359444,0.7222376996791139,0.005806287063801045,0.0009418091834906155
200601,0.014456270461243063,0.6626350399277166,0.10234674383170866,0.2205619457793316
200602,0.10445659466211053,0.8260553466388579,0.04094699842111252,0.028541060277918875
200603,0.02341942484454031,0.8490225684890724,0.04826812164268953,0.07928988502369777
200604,0.012296938440176475,0.6476959099889513,0.05701821373039849,0.28298893784047385
200605,0.04718253900393834,0.7965749678469106,0.06598050271518684,0.09026199043396435
200606,0.13360509483286578,0.7235921932659237,0.10639461404622443,0.03640809785498605
200607,0.11102112959936192,0.7220685416086183,0.10672712493570666,0.060183203856313025
200608,0.2648746650563054,0.6402014781221873,0.04291428967076465,0.05200956715074272
200609,0.7982180077833968,0.19698458665464452,0.003733443047593574,0.0010639625143653239
200610,0.8492010930943696,0.1473928456545917,0.002633883099740962,0.000772178151297571
200611,0.7826914082568674,0.1995011176108015,0.008298465294874583,0.009509008837456458
200612,0.48772449419723746,0.4367439762547138,0.02378006669787273,0.051751462850175955
200701,0.3376006186094491,0.49077043343415633,0.04918323549689218,0.12244571245950223
200702,0.1810611738254429,0.34450862571206714,0.12681046260611958,0.34761973785637035
200703,0.01851973783097281,0.16898264556692338,0.16706908990935732,0.6454285266927464
200704,0.07471929450504493,0.46877115788052637,0.08984630560714735,0.36666324200728134
200705,0.09107766092140965,0.5128157172291823,0.0768773073472296,0.31922931450217845
200706,0.3347833365428048,0.5466220090068027,0.05853084854515407,0.060063805905238576
200707,0.7109037214187657,0.21282745064803898,0.051643585167838325,0.024625242765356894
200708,0.7207578560479567,0.15966451999806272,0.10999275458063762,0.009584869373343033
200709,0.30500164368713234,0.5834070709849337,0.039624120918031844,0.071967164409902
200710,0.5419025864601523,0.38127466704237767,0.017317905169749653,0.05950484132772041
200711,0.16750570884160038,0.11992962953809398,0.361448159776792,0.3511165018435137
200712,0.949599558688403,0.037888587488693067,0.003967251440823498,0.0085446023820805
200801,0.45969300475092245,0.06882911637326966,0.17899004848936048,0.2924878303864473
200802,0.791693572223235,0.09421945800803969,0.03267552336474374,0.08141144640398158
200803,0.06503415838648602,0.04042400561824112,0.35771569432271216,0.5368261416725607
200804,0.361803615486098,0.2279349203323131,0.06381518776922773,0.34644627641236103
200805,0.13864729965874092,0.19973937587353652,0.028721718095804465,0.6328916063719181
200806,0.04759348098264454,0.06408281628319537,0.07840595527599502,0.809917747458165
200807,0.42865998950428796,0.12956145270973335,0.1741698117127515,0.26760874607322704
200808,0.9835075009417769,0.01403382676601127,0.0017688890309020468,0.0006897832613098295
200809,0.00021999774902934835,1.7917535852967418e-07,0.9997723472146288,7.475860983463788e-06
200810,3.2705263161456906e-13,1.2230711558028502e-20,0.9999999999996718,1.0897965591939077e-15
200811,9.377372466816618e-06,9.186057335345994e-13,0.9999906226194077,7.206790304290246e-12
200812,0.0007550865237870622,8.67286382598073e-08,0.9992447043521322,1.223954424302139e-07
200901,0.0003818665818296775,3.747987131869327e-05,0.9989251039833944,0.0006555495634571779
200902,0.005648161316979317,0.0007936488671021587,0.9867309464103103,0.006827243405607996
200903,0.0005382148848849151,1.9631107910810566e-07,0.9993353479580326,0.00012624084600334348
200904,0.4060040720728788,0.0051586182091069655,0.5473913742241076,0.04144593549390668
200905,0.7757233618080409,0.02983469070793133,0.12921583102677367,0.06522611645725399
200906,0.2742570747477234,0.1695793986108562,0.011731039527881943,0.5444324871135384
200907,0.927623915746541,0.07032394587009885,0.00046304621757954016,0.0015890921657806204
200908,0.5218944598847671,0.4658431053415834,0.0004443234925591437,0.011818111281090333
200909,0.36043540384977163,0.6360374801166434,0.00022328816591718215,0.0033038278676678326
200910,0.038764196326067556,0.9553383585834004,0.004215101808246892,0.001682343282285227
200911,0.006934036413699138,0.9910436190451645,0.0015970208180700817,0.00042532372306626416
200912,0.0023562160861082134,0.9971862956237246,0.00042019862409067935,3.7289666076358594e-05
201001,0.000328451371996621,0.9974742434823174,0.0019404019754610071,0.00025690317022506034
201002,0.0009116300100835019,0.997329465266868,0.0016763025914534719,8.260213159498062e-05
201003,3.365413385944187e-05,0.9993125840333871,0.0005813711101401483,7.239072261328529e-05
201004,0.00010195486360806441,0.9988636302820364,0.0009907602494919861,4.365460486355076e-05
201005,0.00030566309878356305,0.7245979372059624,0.2749456206029265,0.00015077909232742102
201006,0.0006834692485189328,0.8735752226921343,0.1256519448003236,8.936325902306468e-05
201007,0.0006416117489649981,0.9766063151831889,0.022621703225585706,0.00013036984226048596
201008,0.0006616146269549404,0.9846055064638,0.014504088806574226,0.00022879010267076497
201009,0.002343770005818096,0.989779174654783,0.007565099071655558,0.0003119562677432961
201010,0.0008420940867918491,0.9973304164027831,0.0016627448100272045,0.0001647447003978988
201011,0.00045461811150060964,0.9971591865076164,0.0023154933542674986,7.070202661545415e-05
201012,0.0003029673696875431,0.9982783733481618,0.0013121605793510497,0.00010649870279950447
201101,8.119120524160315e-05,0.9977649159008989,0.001880940738006741,0.00027295215585272783
201102,8.541774456965182e-05,0.9982562285084572,0.0013733941954307649,0.0002849595515422382
201103,2.8720954973499834e-05,0.9886964708936097,0.008180473203283169,0.00309433494813357
201104,9.690578289222866e-05,0.9982568178973033,0.000970203564929573,0.0006760727548749256
201105,0.0001953286417637116,0.998550637938137,0.0008758456677493055,0.00037818775234988843
201106,0.0009319971456585146,0.9983943787954448,0.0006411076361408653,3.251642275587873e-05
201107,0.00046927969693946845,0.99839756058096,0.0010601332752764906,7.302644682393027e-05
201108,1.2195778784507892e-06,0.00010454143489738913,0.9998893574884539,4.881498770372646e-06
201109,0.0006556945995829659,0.5366130480348285,0.46228050826170664,0.0004507491038817784
201110,0.004163952656952093,0.4054977670380841,0.5901077478748304,0.00023053243013340042
201111,0.011424797677712761,0.36518299094706935,0.6225214473518147,0.0008707640234032356
201112,0.02702251185144183,0.9446013108147169,0.027990370393482567,0.00038580694035874203
201201,0.005284802458902853,0.9619434814513604,0.02535128653329501,0.007420429556441963
201202,0.006384617778735314,0.9707858789920072,0.01535220188656092,0.007477301342696514
201203,0.0019704911016160402,0.9481399099196476,0.026598628514081922,0.023290970464654188
201204,0.010070099832109564,0.965827539659858,0.019477109546233395,0.004625250961799081
201205,0.05144185899489308,0.9344048920063636,0.01305473570090473,0.0010985132978385556
201206,0.12223569135616805,0.7933666541560623,0.08191261223878724,0.0024850422489823857
201207,0.13191702867267818,0.8370579494299889,0.02895223290069718,0.002072788996635749
201208,0.012188044702993556,0.9110024873324433,0.04681515696812853,0.029994310996434646
201209,0.015573728926238156,0.935414660742118,0.03228583145763754,0.016725778874006343
201210,0.05016312849124748,0.9446786344302295,0.003924002258880201,0.001234234819642752
201211,0.15639063856318916,0.8411723209186666,0.0022604523439405024,0.00017658817420392856
201212,0.0627010530879279,0.935665943753278,0.0013586605398519277,0.00027434261894225363
201301,0.006625537827196685,0.9894657498761569,0.002166631744542937,0.0017420805521034613
201302,0.0016656330861680095,0.9699021408626414,0.008875675735551739,0.019556550315638875
201303,0.008126153042341206,0.9890783226326246,0.0012782025301484937,0.0015173217948855823
201304,0.03573737951873719,0.9622971703543767,0.0014646277500572978,0.0005008223768290694
201305,0.0066689574941594795,0.9916238604209965,0.0009730902759065135,0.0007340918089375664
201306,0.0032437550991823447,0.9920964666581111,0.0038232113032010983,0.0008365669395053003
201307,0.0018760001702493256,0.9973238066524707,0.000665976178432501,0.00013421699884736484
201308,0.0009683104260528618,0.9982129947845313,0.000693001235822025,0.0001256935535938245
201309,0.0010211928557353075,0.9984499464497248,0.0004143103569723544,0.0001145503375674028
201310,0.005125326706533929,0.994487492483809,0.0003487991439335721,3.8381665723321966e-05
201311,0.0032460830431898114,0.9965597417226391,0.00016124994365102277,3.2925290520144075e-05
201312,0.0013686695769103705,0.9983276890394737,0.00024097212186761823,6.266926174844168e-05
201401,0.00040238136570229136,0.9985834150619223,0.0007154077925311334,0.0002987957798441781
201402,0.00037382118202608587,0.9988204155367778,0.0005361914774396707,0.00026957180375644435
201403,0.00012180963555607067,0.998585707471948,0.0006434788239264719,0.000649004068569515
201404,0.00038442043020386695,0.9988775923379107,0.0005226145453384531,0.00021537268654700569
201405,0.0004907666025391381,0.999027222787117,0.00023747527669122913,0.0002445353336527458
201406,0.0008044598165240063,0.9989752759647621,0.00010887351653962581,0.00011139070217448151
201407,0.0030686831090352574,0.9967068570054974,0.00014738143358242862,7.707845188493749e-05
201408,0.007079237445237469,0.9927405819300658,0.00011445070787949127,6.572991681729196e-05
201409,0.002461497566683072,0.9971013601010098,0.0002801963359223666,0.0001569459963849897
201410,0.014624606503063872,0.9837754392385131,0.0014843404050459569,0.00011561385337714998
201411,0.0307355282658912,0.9690990238003785,0.00014122386236506139,2.422407136524136e-05
201412,0.06560086086786038,0.9333754352239161,0.0009713241450300275,5.237976319342861e-05
201501,0.10955339644278325,0.8880659816344161,0.0022254283980914303,0.00015519352470931783
201502,0.007826410117924636,0.9850801803611663,0.002149694487058182,0.004943715033850749
201503,0.008748793635544065,0.9674122682178751,0.0070026636838770836,0.016836274462703898
201504,0.022489745494208725,0.9736721957414397,0.0014494125453744218,0.0023886462189771874
201505,0.010149577227588812,0.9785180897508315,0.0024255587792980987,0.008906774242281599
201506,0.014679696135844016,0.9791107235101396,0.002039861170925227,0.00416971918309091
201507,0.05620853079490307,0.940269591242016,0.002013199325986142,0.0015086786370946753
201508,0.17738121255675693,0.722338887090499,0.09750049426424931,0.002779406088494976
201509,0.19102711810369774,0.7662847058056683,0.04035899859433036,0.002329177496303707
201510,0.1806510452037695,0.8047482130754956,0.010833520907040492,0.0037672208136943367
201511,0.31225092088466694,0.6810682535924298,0.004926213496436808,0.001754612026466337
201512,0.6062423106025833,0.37709560578810375,0.015133911504344653,0.001528172104968363
201601,0.21618514048468776,0.552849808955865,0.20616800370797866,0.02479704685146857
201602,0.3713963532189467,0.5725740635501386,0.04010482689141228,0.015924756339502397
201603,0.13875262005344588,0.7798911444116072,0.022123652372966193,0.05923258316198066
201604,0.11121248417247331,0.8295526332555032,0.00857902094300452,0.050655861629018965
201605,0.19894650443855702,0.7545237863337286,0.004578456136386341,0.041951253091328
201606,0.4192133458519901,0.5073273854938757,0.01668621121080544,0.0567730574433287
201607,0.8017061553086048,0.19607252998068722,0.0002532143114058482,0.001968100399302198
201608,0.5713281866242788,0.41920629869652043,0.0006315525371929524,0.008833962142007856
201609,0.5340123618185593,0.43798225045693234,0.0024404399977229403,0.025564947726785393
201610,0.39921647204959104,0.5917854765645961,0.0007173434901890141,0.008280707895623903
201611,0.5813330757847743,0.41652230835597354,0.0003868596444024566,0.0017577562148496065
201612,0.36843794086380693,0.6270191723779787,0.00042748384053464014,0.0041154029176798754
201701,0.06503773825202275,0.8934692890460358,0.0012094994882287582,0.040283473213712596
201702,0.11564387837901538,0.8729423439157272,0.0005439973986158314,0.010869780306641362
201703,0.20498613486155412,0.7904627875682213,0.00048125591487382246,0.004069821655350734
201704,0.11925446365478225,0.8680912000236752,0.0008831605789148454,0.011771175742627642
201705,0.1538990621464321,0.84136192403338,0.0007040197161335336,0.004034994104054344
201706,0.1554919843249335,0.8395239818175776,0.0007212805821824141,0.0042627532753064514
201707,0.3257938728240746,0.6713244693124832,0.00040836905666703435,0.0024732888067750154
201708,0.13734807990781536,0.8451693808459239,0.0015830048286899921,0.015899534417570905
201709,0.054199204356361434,0.9119376747813593,0.001516144252075113,0.03234697661020403
201710,0.3334449994317941,0.6633084205189121,0.0004670642676505838,0.0027795157816432508
201711,0.33744862837420403,0.6573639956196072,0.0006661127052692484,0.004521263300919395
201712,0.6391813091327883,0.356211568068503,0.00036604112951916525,0.004241081669189704
201801,0.1982452507607588,0.6876580622695518,0.0030342609433763475,0.11106242602631315
201802,0.33281321366697275,0.43342374561872127,0.07663535799612882,0.15712768271817726
201803,0.46741325743716033,0.4750096050859593,0.016550020182202252,0.041027117294678006
201804,0.27709585552366667,0.6213027293608255,0.017917873101176943,0.0836835420143308
201805,0.26122296594624617,0.6515779272342894,0.007332343809656144,0.07986676300980836
201806,0.522260835947231,0.4509588904395277,0.003159676093789247,0.023620597519451933
201807,0.5396475271674943,0.4471306578094854,0.002924442371092549,0.010297372651927752
201808,0.6503884495296043,0.33295667369608983,0.002129282600038928,0.01452559417426692
201809,0.5174058543458577,0.46135031271106064,0.0025360226393693723,0.01870781030371221
201810,0.543983740841099,0.3136762254912577,0.09268830796289332,0.0496517257047499
201811,0.9260108189593644,0.06882545229504577,0.00345255433888896,0.0017111744067008668
201812,0.7774480537577293,0.054173172251824914,0.16498334971659565,0.0033954242738499963
201901,0.5359558492116624,0.2651094708002108,0.13031741728908128,0.06861726269904558
201902,0.39998973656271813,0.38601757181923035,0.03450406344543933,0.17948862817261216
201903,0.2867004172752224,0.3366906703282821,0.044469226798144405,0.33213968559835116
201904,0.3234516759697227,0.3993312327225221,0.01951640072628533,0.25770069058146994
201905,0.6124895014230487,0.3054381849517803,0.02449538641909455,0.05757692720607629
201906,0.642542974592456,0.3263381243099399,0.012315791834998686,0.018803109262605415
201907,0.5051910788706965,0.4466370348200603,0.010943982027680819,0.037227904281562404
201908,0.7259877167478962,0.19833164481397775,0.05529534882012553,0.020385289618000513
201909,0.5612699024020106,0.4146027908753204,0.005144920132210776,0.018982386590458332
201910,0.47118122517769806,0.46501011727892216,0.014582328232477527,0.049226329310902206
201911,0.488497736799896,0.5023687065347747,0.002368221215721064,0.0067653354496082126
201912,0.5178398725353519,0.4742743569126607,0.002248498194108227,0.00563727235787914
202001,0.24344430058009228,0.6701830915786281,0.01033574558675445,0.0760368622545252
202002,0.3750348861251072,0.4258705252367343,0.12455906755180594,0.07453552108635252
202003,1.2339415767135531e-18,4.963521333022313e-25,1.0,6.940412298320859e-18
202004,0.05178115403644339,0.00043192586473014285,0.9477297785488359,5.7141549990483346e-05
202005,0.7095212932587978,0.1866843278839973,0.08270045489639133,0.02109392396081367
202006,0.1916296709950135,0.0933686104446753,0.47106470582385357,0.24393701273645774
202007,0.289501748396002,0.5166139286653834,0.018023086931485428,0.17586123600712922
202008,0.40933272960238837,0.5366727328871395,0.0028405477754495532,0.051153989735022484
202009,0.6143534326848403,0.30494173428922905,0.04339917644112034,0.03730565658481036
202010,0.5134984285288646,0.4502781983247887,0.019768659790565857,0.01645471335578073
202011,0.7276578003623538,0.2629277428632643,0.0021139200603225894,0.007300536714059303
202012,0.4309323704704534,0.5571162857651123,0.0007292291664414546,0.011222114597992959
202101,0.12505333173580396,0.8242665518272487,0.004191247632133715,0.04648886880481353
202102,0.03525755009072524,0.9258254217771867,0.0025544959579627776,0.03636253217412529
202103,0.007347630033982773,0.9475603065512825,0.00625188131627036,0.03884018209846438
202104,0.002220482785133372,0.9660305052699811,0.0023882508197211124,0.029360761125164437
202105,0.0028354903047682904,0.9615278480966718,0.0032234339452878197,0.03241322765327195
202106,0.001521690687908385,0.9534863020072735,0.0021543362078230723,0.04283767109699513
202107,0.009393005416480586,0.9776450824188108,0.0019086903752445262,0.011053221789463991
202108,0.02339165770900493,0.9721184130725845,0.0008443985288452965,0.003645530689565248
202109,0.014108101526972082,0.9796676432861782,0.002010687971476006,0.004213567215373745
202110,0.0027730011995049427,0.9515496209241803,0.0035765957885460975,0.042100782087768775
202111,0.005664162886779401,0.9835451555920071,0.0022732273061932665,0.008517454215020252
202112,0.019764041084228887,0.9674980859655099,0.004606684099589875,0.008131188850671428
202201,0.003018114056666002,0.9225246697750169,0.014840285562387968,0.05961693060592912
202202,0.003378785071365279,0.8223872670292763,0.050642798716369106,0.12359114918298922
202203,0.000855193325426523,0.22691141710856885,0.13471852792307426,0.6375148616429304
202204,0.03349637195626436,0.7226254764357484,0.15490414335847932,0.08897400824950799
202205,0.0009615632701989769,0.06903947840438744,0.7250643129707449,0.20493464535466868
202206,0.00019895800620606713,0.031212792294921375,0.6641312867857818,0.30445696291309066
202207,0.4480974750518621,0.4335071587493276,0.09550893925244555,0.02288642694636495
202208,0.6213829021426551,0.2766536994394751,0.07934012480182004,0.022623273616049686
202209,0.24171855144029064,0.2041685900296173,0.4878178516376478,0.06629500689244434
202210,0.10110199592612411,0.032898253073004334,0.7516879984205793,0.11431175258029228
202211,0.7440828444195696,0.01741382136048698,0.21924490218420856,0.019258432035734876
202212,0.9753077458497749,0.013757278643516446,0.007538225771059904,0.0033967497356487564
202301,0.08786297501229581,0.025495624698774297,0.07979098176084105,0.8068504185280888
202302,0.37088804439915457,0.06092451303181765,0.05709296332668406,0.5110944792423439
202303,0.6715743959943952,0.03286389304426455,0.07890081321024747,0.2166608977510927
202304,0.47722933716938004,0.04217428157724709,0.034425015240852584,0.4461713660125204
202305,0.8046532115874154,0.0293618209334841,0.0274025282855315,0.13858243919356894
202306,0.6875714597441097,0.05115224797400628,0.036485296425395025,0.22479099585648898
202307,0.8538801951252604,0.038486335416009806,0.012072217987700263,0.09556125147102984
202308,0.5178260979617112,0.056972963015152214,0.048158990654092244,0.37704194836904426
202309,0.7805614330937877,0.0628682431826426,0.0234216542658462,0.13314866945772366
202310,0.9023731527729371,0.057320611011659965,0.016647977445085595,0.0236582587703172
202311,0.9789458083063426,0.01291175685427277,0.0022232952151363767,0.005919139624248243
202312,0.9702956127917132,0.017039607800018376,0.0017151328693327283,0.010949646538935874
202401,0.42732912892660746,0.0694460077134562,0.01664705811597844,0.486577805243958
202402,0.320055682524241,0.06646882080457168,0.014412790393142987,0.5990627062780444
202403,0.27068298270582875,0.0830898936699118,0.011499749606725765,0.6347273740175337
202404,0.6247541476278099,0.11361188917477022,0.014620704726275654,0.24701325847114422
202405,0.8682950033121964,0.06891900187862719,0.002918777576469452,0.059867217232706924
202406,0.9429952026341731,0.034595172719070914,0.0007959431639431798,0.021613681482812737
202407,0.9087880602194327,0.039303752885729994,0.0038385308242454277,0.048069656070592
202408,0.9245716059949964,0.023460011002247393,0.007847473105521483,0.044120909897234876
202409,0.8788572092009822,0.05370759674713279,0.00393156641701999,0.06350362763486489
202410,0.8536161556719227,0.10237693152259358,0.002448903826150228,0.04155800897933361
202411,0.8685343165439466,0.11585001038161756,0.0014450393765430198,0.014170633697892768
202412,0.7927545864328013,0.18001615431442008,0.0026531471962378673,0.02457611205654077
