yyyymm,mahalanobis,mahalanobis_sq,gaussian_logpdf
198002,4.045118883739006,16.362986783581903,29.04352666367282
198003,7.5885704268192615,57.58640112279586,8.431819494065842
198004,7.376668842561842,54.415243212822666,10.01739844905244
198005,10.699052757933307,114.4697299170403,-20.009844903056376
198006,3.9389582219519754,15.515391874283067,29.46732411832224
198007,7.464569072991204,55.719791445456764,9.365124332735391
198008,3.6931746608758416,13.639539075735389,30.40525051759608
198009,4.18383305044375,17.50445899398546,28.472790558471043
198010,4.880460473075869,23.818894429255938,25.315572840835806
198011,6.841893004358162,46.81149988308515,13.819270113921199
198012,6.704164725044461,44.945824660530484,14.752107725198531
198101,3.8574324859164784,14.879785383403782,29.78512736376188
198102,2.982615910696553,8.895997670740227,32.77702122009366
198103,5.2605723760152445,27.673621723294673,23.388209193816436
198104,3.4939917748943308,12.207978523029237,31.121030793949153
198105,8.064296238305861,65.03287381915405,4.708583145886749
198106,5.230605575044803,27.35923468168977,23.545402714618888
198107,2.6994067602019807,7.286796857024153,33.581621626951694
198108,5.601803211633565,31.380199221868125,21.53492044452971
198109,3.749008131086477,14.05506196695252,30.197489071987512
198110,4.159853343220638,17.304379837103916,28.572830136911815
198111,6.860685343880416,47.06900338773554,13.690518361596002
198112,4.793715128182096,22.979704730161885,25.73516769038283
198201,4.878166208882718,23.796505561485183,25.32676727472118
198202,4.918108046320006,24.187786755277585,25.13112667782498
198203,5.967257066429995,35.60815689685871,19.42094160703442
198204,2.161180707373328,4.670702049922677,34.88966903050243
198205,3.474344499150675,12.071069698778553,31.189485206074497
198206,3.2769717783896324,10.73854403636211,31.855748037282716
198207,4.489200620854638,20.152922214281666,27.14855894832294
198208,8.351059762296545,69.74019915344843,2.354920478739558
198209,3.3481695680666177,11.2102394565274,31.61990032720007
198210,5.457941288950676,29.789123113632566,22.330458498647488
198211,3.4857563779369154,12.150497526327882,31.14977129229983
198212,3.6132789417882973,13.055784711170757,30.697127699878394
198301,1.6097522158867565,2.591302196552323,35.92936895718761
198302,3.066644668630506,9.404309523639908,32.52286529364382
198303,6.079053439911159,36.9548907252957,18.747574692815924
198304,3.559382378640092,12.669202917373598,30.890418596776975
198305,2.417748370904228,5.845507185010048,34.30226646295875
198306,2.4103826672122115,5.809944602397056,34.32004775426525
198307,4.714984184695475,22.231075861928453,26.109482124499547
198308,2.381109185323021,5.66968095242966,34.390179579248944
198309,1.8734517604382774,3.5098214986892806,35.470109306119134
198310,1.9450990310771021,3.7834102406970813,35.33331493511523
198311,1.704497507422602,2.905311752809863,35.77236417905884
198312,1.500546056639689,2.251638468096921,36.09920082141531
198401,3.6127765585779827,13.052154462210574,30.698942824358486
198402,2.8028488906811178,7.855961903992371,33.29703910346759
198403,1.9763746936759625,3.9060569298027548,35.27199159056239
198404,1.8438606238418471,3.3998220001544457,35.52510905538655
198405,4.111187953718522,16.90186639080029,28.774086860063626
198406,5.213331087002235,27.1788210227039,23.635609544111823
198407,3.6546341492950267,13.356350765193383,30.54684467286708
198408,3.848395923381399,14.810151183098569,29.81994446391449
198409,2.4915096728663615,6.207620449986644,34.12120983047045
198410,4.9129047941018404,24.13663351590885,25.156703297509345
198411,4.486752128677573,20.130944664192732,27.159547723367407
198412,2.3299615329488237,5.4287207450212325,34.510659682953154
198501,2.7513128248117167,7.569722259973427,33.44015892547706
198502,3.839098487575393,14.73867719730367,29.855681456811936
198503,2.779687547705867,7.726662862871056,33.36168862402825
198504,1.9977977052663436,3.9911956711674685,35.229422219880036
198505,3.0443588241749517,9.268120650331895,32.590959730297826
198506,1.491832075877917,2.2255629426182155,36.11223858415467
198507,1.8761683262159965,3.520007588296134,35.465016261315704
198508,1.0550486898194111,1.1131277378896558,36.668456186518945
198509,2.616890029117214,6.848113424493094,33.80096334321723
198510,1.6964744947789574,2.878025711435519,35.78600719974602
198511,2.2694138268309607,5.150239117411545,34.649900496758
198512,2.5786381421436153,6.649374668117876,33.90033272140484
198601,0.6304523361499799,0.39747014815696724,37.02628498138529
198602,4.210567950775993,17.728882468101943,28.3605788214128
198603,2.9045075027775904,8.436163833691314,33.00693813861812
198604,3.1287602940955535,9.789140977908893,32.33044956650933
198605,3.240849728775329,10.503106964503122,31.973466573212214
198606,3.163994243933754,10.010859575645926,32.21959026764081
198607,3.010936145283002,9.065736470971663,32.692151819977944
198608,2.46647647205042,6.083506187178287,34.18326696187463
198609,3.6456064428548864,13.29044633618506,30.579796887371245
198610,1.890806437647827,3.5751489846504665,35.43744556313854
198611,1.8569054597940222,3.4480978866128487,35.50097111215735
198612,3.1879257248831356,10.162870427371665,32.14358484177794
198701,3.8777545725665186,15.036980525060542,29.7065297929335
198702,1.2754012748094474,1.6266484117855637,36.41169584957099
198703,1.5895510520871112,2.526672547191242,35.96168378186815
198704,2.802257532459806,7.852647278227721,33.29869641634991
198705,1.1270007044928558,1.2701305879273934,36.589954761500074
198706,1.5225085439221073,2.3180322663158153,36.06600392230587
198707,2.1579328268709004,4.656674085287036,34.896683012820255
198708,1.816622715630351,3.3001180909441907,35.574961009991675
198709,2.4337990731919428,5.923377928669959,34.26333109112879
198710,14.41658900802234,207.83803862623057,-66.69399925765151
198711,6.51652798031113,42.465136918177855,15.992451596374845
198712,2.491688226790057,6.208510219524179,34.12076494570168
198801,3.1255753468747964,9.769221248991505,32.34040943096802
198802,1.6373218344822498,2.68082278967232,35.88460866062761
198803,2.38680866565762,5.696855606458308,34.376592252234616
198804,2.10514764619848,4.431646612295002,35.009196749316274
198805,1.8162668348729343,3.2988252154593467,35.5756074477341
198806,2.7087778596580265,7.337477492973519,33.55628130897701
198807,1.6825633178319381,2.83101931851362,35.80951039620696
198808,1.873986238842984,3.5118244233728735,35.46910784377734
198809,2.262819349111758,5.120351406714561,34.66484435210649
198810,2.2850844833054285,5.221611095843237,34.61421450754216
198811,2.5193605894858164,6.347177779854321,34.05143116553661
198812,3.7378927313340498,13.971842070959921,30.23909901998381
198901,2.283078106971417,5.21244564253219,34.61879723419768
198902,1.8337940135589565,3.3628004841646666,35.54361981338144
198903,2.5118724670204915,6.309503290575609,34.07026841017597
198904,1.7893922786802183,3.2019247270003843,35.62405769196358
198905,1.8163599850295984,3.299163595216723,35.57543825785541
198906,2.310642808474554,5.339070188355175,34.55548496128618
198907,2.1990135290031736,4.835660500738992,34.807189805094275
198908,2.0500524244269815,4.202714942898945,35.1236625840143
198909,1.077943635140516,1.1619624805399498,36.644038815193795
198910,1.825892655796942,3.33388399049321,35.55807806021717
198911,1.2072813035397252,1.4575281458765779,36.49625598252548
198912,3.815862438925732,14.560806152804235,29.944616979061657
199001,3.6170582249840715,13.08311020292492,30.683464954001312
199002,1.2194792946787427,1.487129750150164,36.48145518038869
199003,4.71204974845108,22.203412831877884,26.12331363952483
199004,2.2422987460995465,5.027903666759599,34.71106822208397
199005,2.8661952021923582,8.215074937070494,33.117482586928524
199006,1.5493664417994624,2.400536370974327,36.02475186997661
199007,1.5572040214375271,2.424884364381206,36.01257787327317
199008,3.7733601587787424,14.238246887858736,30.105896611534405
199009,2.1385408863537956,4.573357122606877,34.93834149416033
199010,1.36577007091252,1.8653278866003897,36.29235611216358
199011,1.9356768294050317,3.7468447878955167,35.35159766151602
199012,1.7404704533195405,3.029237398878327,35.71040135602461
199101,2.3702086612174007,5.617889097709983,34.416075506608784
199102,2.3913146926806936,5.718385959430561,34.36582707574849
199103,1.7895380431329608,3.2024464078201467,35.6237968515537
199104,1.3656755388392938,1.8650696773839956,36.29248521677177
199105,1.6934513390191448,2.8677774376257346,35.791131336650906
199106,2.4338757711312513,5.923751269299743,34.2631444208139
199107,1.7391532406489125,3.024653994459614,35.71269305823397
199108,1.6782316052869448,2.8164613209839957,35.81678939497178
199109,2.3826164425926897,5.676861112513044,34.386589499207254
199110,1.8889073885904861,3.5679711226717297,35.441034494127905
199111,2.590902943196318,6.712778061063345,33.8686310249321
199112,3.3783265895128176,11.413090545409306,31.51847478275912
199201,2.614189820799058,6.833988419169412,33.808025845879065
199202,1.2800050426858371,1.638412909301172,36.40581360081319
199203,2.7356361100507005,7.483704926613329,33.48316759215711
199204,1.8449042346451463,3.4036716350115928,35.52318423795798
199205,1.2616627375021425,1.5917928632014,36.42912362386307
199206,1.8758764900797134,3.518912606033785,35.46556375244688
199207,1.987874620164154,3.9516455054927797,35.249197302717384
199208,1.5395508169470427,2.3702167179623066,36.03991169648262
199209,1.3178061799746115,1.736613127979278,36.35671349147413
199210,2.2209795326649595,4.9327500845166625,34.75864501320544
199211,1.4905410441989102,2.221712604441578,36.114163753242984
199212,1.3937839939165388,1.9426338216979384,36.2537031446148
199301,1.8566299354992961,3.4470747173921206,35.50148269676771
199302,1.6864103971513196,2.8439800276200717,35.803030041653734
199303,4.047877822375794,16.3853148648818,29.032362623022873
199304,1.9942892754360357,3.9771897141191888,35.23642519840418
199305,1.6062681158178604,2.5800972598930594,35.93497142551724
199306,1.6420685808509412,2.696389224217824,35.87682544335486
199307,1.2595419328974589,1.586445880727067,36.43179711510024
199308,1.4432909041451236,2.0830886339880483,36.183475738469745
199309,1.1190037291953552,1.2521693459531118,36.59893538248722
199310,1.1188834061011366,1.2519000764484811,36.599070017239534
199311,2.2487905015513485,5.057058719867565,34.69649069552999
199312,1.2394357123784734,1.536200885119134,36.45691961290421
199401,1.2812303028926306,1.641551089050342,36.404244510938604
199402,1.6607038150200528,2.7579371612221575,35.84605147485269
199403,2.1909510729197117,4.800266603928035,34.824886753499754
199404,1.0153518023100816,1.030939282454331,36.70955041423661
199405,1.1963589378217698,1.4312747081060335,36.50938270141076
199406,2.0148011839002504,4.059423810645851,35.195308150140846
199407,1.4191162788800962,2.0138910129824907,36.218074548972524
199408,1.1238466499148405,1.2630312925248102,36.593504409201365
199409,1.653062327788976,2.732615059555108,35.85871252568622
199410,1.2612539558061842,1.5907615410367482,36.4296392849454
199411,1.9023460328036328,3.6189204285237206,35.41555984120191
199412,1.9798915023609722,3.919970361121188,35.26503487490318
199501,1.534846165037632,2.3557527503307254,36.04714368029841
199502,1.2831790682944118,1.6465485213089148,36.401745794809315
199503,3.0849366974967687,9.51683442756227,32.466602841682636
199504,0.7860510543983483,0.6178762601207551,36.9160819254034
199505,2.4683079485665838,6.092544128956977,34.178747990985286
199506,0.7527818689591377,0.5666805422336123,36.94167978434697
199507,1.4236352193857507,2.026737237875514,36.21165143652602
199508,1.1844492155617188,1.4029199442447708,36.52356008334139
199509,1.0036244919657025,1.0072621208734145,36.72138899502706
199510,1.9402251282969605,3.7644735484749567,35.342783281226296
199511,2.223703318788768,4.94485644999218,34.75259183046768
199512,1.0901375652045748,1.1883999110701586,36.63082009992869
199601,1.8582042019980756,3.452922856323305,35.49855862730212
199602,2.0063887231842066,4.025595708520751,35.212222201203396
199603,1.237165156201387,1.5305776237188025,36.459731243604374
199604,1.5751478033420139,2.4810906023731714,35.98447475427719
199605,1.8060853586348191,3.2619443226750633,35.59404789412624
199606,1.120593625824502,1.2557300742385038,36.59715501834452
199607,2.225674070040379,4.953625066050106,34.74820752243872
199608,1.0214258152312836,1.0433106960208924,36.703364707453325
199609,1.3058867099185987,1.7053400991420222,36.37235000589276
199610,1.6211800787639346,2.6282248477810373,35.91090763157325
199611,1.9410809641450524,3.767795309366286,35.34112240078063
199612,2.080384936773917,4.3280014851558155,35.06101931288587
199701,1.6582553391969745,2.749810769975273,35.85011467047614
199702,0.6139937779289891,0.3769883593355128,37.036525875796016
199703,1.434377919042332,2.057440014636211,36.196300048145666
199704,1.7970633114915033,3.2294365455088077,35.61030178270937
199705,1.8774769539666982,3.524919712676071,35.46256019912574
199706,1.2622938368047671,1.5933857304353,36.42832719024612
199707,2.495927366814306,6.229653420412594,34.11019334525748
199708,1.9660528410952702,3.8653637739787836,35.29233816847438
199709,1.8530387811817883,3.433752724563688,35.50814369318193
199710,1.81145590547923,3.2813724974955774,35.58433380671598
199711,1.7393360501106452,3.0252898952145006,35.71237510785652
199712,1.0486925189691034,1.0997559993417634,36.67514205579289
199801,0.7909914897671327,0.6256675368840281,36.91218628702176
199802,1.862539793064108,3.4690544807472907,35.49049281509013
199803,2.686776152986048,7.218766096254508,33.61563700733652
199804,0.9844860057166253,0.9692126954518752,36.74041370773784
199805,1.4176127903644142,2.0096260234047807,36.220207043761384
199806,1.9225905263303438,3.696354331935188,35.37684288949618
199807,1.158129595389509,1.3412641597170678,36.55438797560524
199808,4.490289329167537,20.162698259635853,27.143670925645846
199809,2.5810474834180592,6.661806111658697,33.89411699963443
199810,2.953673701688881,8.724188336048496,32.86292588743952
199811,2.489129697844301,6.1957666526904625,34.12713672911854
199812,2.2429806074028935,5.030962005185454,34.709539052871044
199901,1.7381482533032573,3.021159350461164,35.71444038023319
199902,2.26290189922232,5.120725005503983,34.66465755271178
199903,1.3843371825086395,1.9163894348759583,36.2668253380258
199904,2.3914710918269417,5.719133983043944,34.3654530639418
199905,2.1282459416655457,4.529430788215865,34.96030466135584
199906,2.524801917879897,6.374624724530006,34.03770769319877
199907,1.273544862131361,1.6219165158611875,36.41406179753318
199908,0.8274762551002149,0.684716952754676,36.88266157908644
199909,1.4257464619552922,2.0327529737780337,36.20864356857476
199910,2.235920486831276,4.999340423431811,34.725349843747864
199911,1.2590162965644007,1.5851220350147393,36.432459037956406
199912,2.306276740801357,5.31891240516133,34.56556385288311
200001,2.6607888290746393,7.079797192928391,33.685121458999575
200002,1.7810033404539238,3.1719728987080353,35.639033606109756
200003,4.290244283793399,18.406196014621933,28.021922048152806
200004,2.4795954444459904,6.148393568117308,34.150823271405116
200005,1.5797856936475378,2.495722837853432,35.977158636537055
200006,2.0438873603883287,4.177475541955171,35.136282284486185
200007,1.6839826354614853,2.83579751653581,35.80712129719587
200008,2.2191056610484536,4.924429934897294,34.76280508801513
200009,1.8364767918440652,3.3726470069818704,35.53869655197284
200010,1.3799151311110394,1.9041657690691967,36.272937170929175
200011,2.6575168347730522,7.062395727102183,33.69382219191268
200012,1.6720230868850927,2.7956612030767545,35.8271894539254
200101,3.022096185607956,9.133065355066158,32.6584873779307
200102,3.1062381802379058,9.648715632367697,32.400662239279924
200103,3.5438085585678682,12.558579099778871,30.94573050557434
200104,3.933909410248573,15.475643248042278,29.487198431442636
200105,2.2089794393395668,4.879590163424947,34.7852249737513
200106,2.237301277870875,5.005517007962651,34.72226155148245
200107,2.668806420878779,7.122527712123797,33.663756199401874
200108,2.7967367116610276,7.821736234352539,33.3141519382875
200109,3.6823245316746394,13.559513956572852,30.445263077177348
200110,2.856234095194078,8.158073206549135,33.145983452189206
200111,3.4724313394390496,12.05777940711847,31.196130351904536
200112,5.377551082283773,28.918055642571378,22.765992234178086
200201,2.32203141405624,5.391829887864021,34.52910511153176
200202,2.342285834751775,5.48630293167882,34.48186858962436
200203,8.174770755209083,66.82687690022168,3.8115816053529343
200204,2.5224367039006506,6.362686925185178,34.043676592871186
200205,2.5907982440025776,6.712235541126839,33.86890228490035
200206,2.6124687324864118,6.824992878219158,33.81252361635419
200207,2.894516149641175,8.378223740533572,33.03590818519699
200208,2.9998043333560562,8.998826038421772,32.72560703625289
200209,3.4499029293756998,11.901830222115034,31.274104944406254
200210,3.712701220054614,13.78415034939502,30.332944880766263
200211,2.2086278134163977,4.878036818196498,34.78600164636553
200212,2.9456328007353743,8.676752596768125,32.88664375707971
200301,1.8233966972008584,3.3247755153629988,35.56263229778227
200302,2.2447332933412043,5.03882755823445,34.70560627634655
200303,2.4667479094531455,6.0848452487914635,34.18259743106804
200304,3.0337861366496335,9.203858322927507,32.62309089400002
200305,4.070233122356918,16.56679767033135,28.941621220298096
200306,2.2435384996054193,5.033464999211735,34.70828755585791
200307,3.359535188251265,11.286476681098463,31.58178171491454
200308,1.5490580228623911,2.3995807581943405,36.0252296763666
200309,2.0780808995324365,4.31842022500154,35.065809942963
200310,2.396133696460614,5.741456691314005,34.35429170980677
200311,2.0863371034869935,4.352802509386497,35.04861880077053
200312,1.6693770497098828,2.7868197340980725,35.831610188414736
200401,1.8510190383082046,3.4262714801794307,35.511884315374054
200402,1.664582696623867,2.7708355538995852,35.83960227851398
200403,4.345632474894481,18.884521606857536,27.782759252035007
200404,2.3628565350753554,5.583091005348314,34.43347455278962
200405,1.6807493893791414,2.8249185098983567,35.812560800514596
200406,0.9225042636257158,0.8510141164076241,36.79951299725996
200407,1.8860263457384605,3.557095376819571,35.446472367053985
200408,0.9186809810651423,0.8439747449708124,36.80303268297837
200409,1.3298200385767232,1.7684213350001976,36.340809387963674
200410,1.5873694127858742,2.5197416526481713,35.96514922913969
200411,2.446251825181644,5.984147992204525,34.23294605936151
200412,2.0673923151511495,4.274110984746031,35.08796456309076
200501,1.668088698798376,2.7825199070588593,35.833760101934345
200502,1.7509151427058804,3.0657038369567537,35.692168136985394
200503,3.092701160769222,9.564800469823291,32.442619820552125
200504,1.5126015827692416,2.287963548196015,36.081038281365764
200505,2.296854556725526,5.275540854750811,34.587249628088365
200506,0.9424981445553486,0.8883027524902748,36.780868679218635
200507,1.5831568334719994,2.506385559369088,35.971827275779226
200508,1.5203258180279315,2.3113905929622995,36.069324758982624
200509,3.1741702797717783,10.075356964986451,32.187341572970546
200510,2.298700415808973,5.284023601640347,34.5830082546436
200511,3.9818668435399833,15.85526355968307,29.29738827562224
200512,1.5042936191116816,2.262899292500121,36.09357040921371
200601,3.155421666215918,9.95668589162484,32.24667710965135
200602,1.92904788070821,3.7212257260648367,35.36440719243136
200603,1.7999833411242239,3.2399400283247237,35.60505004130141
200604,2.197532889020037,4.829150798324751,34.8104446563014
200605,1.270527887145951,1.6142411120155549,36.417899499456
200606,1.017048898414142,1.0343884617654195,36.707825824581064
200607,0.9510069468021942,0.9044142128660314,36.77281294903076
200608,1.740292926797229,3.0286194710604653,35.71071031993354
200609,2.8932716947552044,8.371021099671653,33.03950950562795
200610,2.0473639428568546,4.1916991145103655,35.12917049820859
200611,1.7986933588062788,3.2352977990138125,35.60737115595687
200612,1.1232731583575506,1.2617425882865467,36.5941487613205
200701,0.9872765459680372,0.9747149782185778,36.73766256635449
200702,1.7387773027634692,3.023346508605405,35.71334680116107
200703,2.6488481153771994,7.016396338337342,33.7168218862951
200704,1.7200757858423739,2.95866070904126,35.745689700943146
200705,1.2405766322934635,1.5390303805925916,36.45550486516748
200706,1.4254753217477214,2.0319798929117696,36.20903010900789
200707,2.0331312970507804,4.133622871047389,35.158208619940076
200708,2.448865269627174,5.996941108786172,34.226549501070686
200709,1.4779782910356718,2.184419828772725,36.132810141077414
200710,1.7670626539265304,3.1225104229018728,35.66376484401284
200711,3.34265800002747,11.173362505147646,31.63833880288995
200712,4.753117406193194,22.59212507705672,25.928957516935412
200801,2.645380931935698,6.998040275048981,33.72599991793928
200802,2.7621440916388593,7.629439982975459,33.410300063976045
200803,3.7846090059329076,14.323265327788471,30.063387391569538
200804,2.201011644252467,4.844452258134949,34.8027939263963
200805,2.2604378522520134,5.109579283893694,34.670230413516926
200806,3.40637803995622,11.603411351095978,31.423314379915784
200807,1.6794212045407961,2.8204555822612587,35.81479226433314
200808,2.678277495237457,7.173170341495426,33.63843488471606
200809,4.2032954536601554,17.667692670760133,28.391173720083707
200810,11.234271919062035,126.20886555142579,-25.87941272024912
200811,4.475231339247949,20.027695539786986,27.211172285570278
200812,9.589513513973483,91.95876943468004,-8.754364661876245
200901,4.377360671206265,19.161286445823368,27.64437683255209
200902,4.8046236365732495,23.084408289118358,25.682815910904594
200903,8.63803448672109,74.61563979378288,-0.08279984142766494
200904,4.160200184675823,17.307265576576746,28.5713872671754
200905,2.274447654497228,5.173112133047941,34.638463988939804
200906,4.841436508908106,23.439507469788303,25.50526632056962
200907,3.641062296096707,13.257334644057025,30.59635273343526
200908,2.9763437077910737,8.858621866907518,32.79570912201002
200909,1.5667270290822,2.4546335836567366,35.9977032636354
200910,12.728243022222202,162.00817043274816,-43.77906516091031
200911,7.862930820785856,61.82568109246413,6.312179509231708
200912,6.40807179615924,41.06338414473151,16.69332798309802
201001,2.4282952974917293,5.896618051820447,34.27671102955355
201002,1.7124460916148991,2.932471616687143,35.758784247120204
201003,6.880814715024167,47.34561114249311,13.552214484217217
201004,1.0257426972608397,1.0521480809839427,36.6989460149718
201005,2.6137213872035536,6.831539489925269,33.80925031050114
201006,3.1426601184441476,9.876312620059384,32.28686374543408
201007,1.7988190457456097,3.235749959337146,35.6071450757952
201008,3.0383089640437637,9.231321360988689,32.60935937496943
201009,2.7201120950610327,7.39900980969732,33.525515150615114
201010,2.0374426902672647,4.15117271612351,35.14943369740202
201011,2.569255351835125,6.601073062933433,33.924483523997054
201012,2.194012527122331,4.813690969169718,34.81817457087892
201101,1.738467452640449,3.022269083890172,35.71388551351869
201102,1.5190948864336462,2.3076492739888526,36.071195418469344
201103,2.665787383293499,7.106422372926802,33.67180886900037
201104,1.4138959860849165,1.9991018594670387,36.22546912573026
201105,1.3506218801036107,1.8241794630146124,36.312930323956465
201106,2.391791177619904,5.720665037340408,34.36468753679357
201107,1.2921564675807296,1.6696683367107092,36.390185887108416
201108,4.054276587302286,16.43715864634747,29.006440732290038
201109,2.9981370196726735,8.988825588731741,32.7306072610979
201110,3.62632800862448,13.150254826134386,30.64989264239658
201111,3.372514492774908,11.373854003976794,31.538093053475375
201112,1.4887139591038314,2.216269252030604,36.11688542944847
201201,2.6670502122075415,7.113156834436291,33.668441638245625
201202,1.194806647042216,1.4275629238162626,36.51123859355564
201203,2.275690875847684,5.178768962416401,34.63563557425557
201204,1.6442260372423043,2.7034792615455316,35.873280424691
201205,3.2878022574450165,10.809643684060546,31.8201982134335
201206,1.9211383091431256,3.6907724028573075,35.37963385403512
201207,1.7653651304287208,3.1165140437336145,35.666763033596965
201208,2.0382259651050973,4.154365084828606,35.14783751304947
201209,1.1302876308673155,1.277550128491649,36.586244991217946
201210,2.9619297429270777,8.773027802036065,32.83850615444574
201211,2.793233163567555,7.80215150605361,33.32394430243697
201212,1.2778324436030217,1.6328557539244697,36.408592178501536
201301,2.410921653429662,5.812543218976016,34.318748445975764
201302,2.246214972237901,5.045481701505714,34.70227920471092
201303,2.560325451459918,6.555266417393433,33.94738684676706
201304,1.649003808907292,2.719213561790757,35.8654132745684
201305,2.030516462508483,4.122997104517963,35.16352150320479
201306,1.8649379210973753,3.477993449547,35.48602333069027
201307,2.7483860883248843,7.553626090497758,33.448207010214894
201308,1.6951049295836627,2.8733807222988337,35.788329694314356
201309,0.7645147723987754,0.5844828372159514,36.932778636855794
201310,1.9327278578819806,3.735436972633069,35.35730156914724
201311,1.3598873378297867,1.8492935715897842,36.30037326966888
201312,1.1352924832080755,1.2888890224287586,36.58057554424939
201401,2.4090415908550438,5.803481386469401,34.32327936222907
201402,1.680512240033878,2.824121388903682,35.812959361011934
201403,3.2817527020930473,10.769900797695017,31.840069656616265
201404,1.2636745550655346,1.596873381120077,36.426583364903735
201405,1.7275301333563056,2.984360361654055,35.732839874636745
201406,1.5754937728910816,2.482180628418575,35.983929741254485
201407,2.104588960044959,4.429294690743124,35.01037271009221
201408,1.491596916620489,2.22486136167175,36.112589374627895
201409,1.3727648052979977,1.8844832106648497,36.282778450131346
201410,1.7638626632623808,3.111211494851059,35.66941430803824
201411,2.0978884047697126,4.40113575886721,35.02445217603017
201412,1.915453438726659,3.6689618759297833,35.39053911749888
201501,2.784570008759746,7.753830133684252,33.34810498862165
201502,2.8926751376334283,8.367569451882574,33.041235329522486
201503,2.28307876747744,5.2124486585063075,34.61879572621062
201504,1.434138273765578,2.0567525882793114,36.19664376132412
201505,1.46151033838302,2.136012469200449,36.15701382086355
201506,1.4702789510584036,2.161720193925399,36.14415995850107
201507,1.71268864471823,2.9333023937467675,35.75836885859039
201508,2.2782477930816287,5.190413006681312,34.62981355212312
201509,1.7813335069695841,3.1731490630525574,35.63844552393749
201510,2.360443902156179,5.571695415226291,34.43917234785063
201511,1.7024836857896495,2.89845070037991,35.77579470527382
201512,2.503499554833723,6.26751002105265,34.09126504493745
201601,2.4856928287160245,6.178668838730272,34.135685636098636
201602,1.7227207068319714,2.9677666337476474,35.74113673858995
201603,2.0083284950079783,4.0333833438610105,35.20832838353327
201604,1.1893101757926792,1.4144586942440134,36.517790708341764
201605,1.6335993914805085,2.6686469718454875,35.89069656954103
201606,1.685018503527732,2.8392873572308375,35.80537637684836
201607,2.3346231415845167,5.450465213221958,34.49978744885279
201608,0.9378174231638432,0.8795015191896709,36.785269295868936
201609,1.2529269716756053,1.5698259963522032,36.44010705728767
201610,1.5181470571675009,2.3047704871863433,36.0726348118706
201611,2.3859748982079387,5.6928762148783845,34.37858194802458
201612,1.0911378384828232,1.1905817825689675,36.62972916417929
201701,1.9026261417872996,3.6199862354124255,35.41502693775756
201702,1.3173881786041952,1.735511613126079,36.357264248900734
201703,1.178278858190978,1.3883410676598347,36.530849521633854
201704,0.9804470968625588,0.9612765097462198,36.744381800590666
201705,1.5129186588673318,2.2889228683489256,36.08055862128931
201706,0.8534176728165099,0.7283217242755475,36.860859193326
201707,1.5987326199564418,2.5559459901127886,35.94704706040738
201708,1.2871631977790807,1.6567890977168687,36.39662550660534
201709,1.3324043383208162,1.7753013207761317,36.337369395075704
201710,1.8035207847132324,3.2526872208926334,35.59867644501745
201711,1.0441515263113719,1.0902524098983675,36.67989385051459
201712,2.4496258124951735,6.0006666212426385,34.22468674484245
201801,2.333509535171782,5.445266750737625,34.50238668009496
201802,1.4825979316020161,2.198096626790577,36.12597174206849
201803,1.6246731757655202,2.6395629280520208,35.905238591437765
201804,1.0475853883628796,1.0974351459114053,36.67630248250807
201805,0.8579148226993626,0.7360178430072788,36.857011133960135
201806,1.2467453828122472,1.5543740495636569,36.44783303068194
201807,1.7075206654762765,2.9156268230285463,35.7672066439495
201808,1.449823050213404,2.1019868769300984,36.174026616998724
201809,1.6030614392021079,2.5698059778567335,35.94011706653541
201810,2.230972130312638,4.9772366462317095,34.736401732347915
201811,2.2858880060645124,5.225283976269592,34.612378067328976
201812,3.6531121076053283,13.345228070732645,30.55240602009745
201901,2.1412710802969306,4.585041839315984,34.932499135805784
201902,1.5696182775355647,2.463701537173713,35.99316928687691
201903,1.365457868589708,1.8644751908935486,36.292782460017
201904,1.0619153339874363,1.1276641765576483,36.66118796718495
201905,2.5573115508091595,6.539842367901948,33.955098871512796
201906,2.86456720516651,8.205745272915472,33.12214741900604
201907,0.631193791213606,0.3984056020666052,37.02581725443047
201908,2.5898484803517774,6.707315151180412,33.87136247987357
201909,0.6443317685870483,0.41516342801051365,37.017438341458515
201910,0.892528069193051,0.7966063542974757,36.82671687831503
201911,1.9759250927971077,3.904279972345259,35.27288006929114
201912,1.0506454452216658,1.1038558515650325,36.67309212968126
202001,1.8545239451830788,3.4392590632574116,35.50539052383507
202002,3.2080131963794,10.291348668144375,32.07934572139158
202003,13.828916367080707,191.23892788771266,-58.39444388839256
202004,3.6348838612363226,13.212380684676278,30.618829713125635
202005,2.821961346054571,7.963465838626126,33.24328713615071
202006,2.871383385879641,8.24484254870563,33.102598781110956
202007,1.8972401549755713,3.59952020565173,35.42525995263791
202008,1.9301979321989733,3.7256640574651927,35.362188026731175
202009,1.6447244409092816,2.705118486524349,35.872460812201595
202010,1.5202008282249737,2.3110105581358957,36.06951477639583
202011,2.921939264569383,8.537729065832266,32.95615552254764
202012,1.745035550537214,3.0451490726387176,35.70244551914441
202101,1.7755024113836126,3.1524088128290235,35.64881564904926
202102,1.665968929913988,2.775452475438758,35.837293817744396
202103,3.0243635361030368,9.146774798509664,32.65163265620894
202104,2.2303426322629503,4.974428257289626,34.73780592681896
202105,1.5027755656578627,2.2583344007383093,36.09585285509462
202106,1.9012497668328563,3.6147506758819903,35.417644717522776
202107,1.1472872579089624,1.3162680521602659,36.56688602938364
202108,0.8696084431286013,0.7562188443605498,36.8469106332835
202109,1.7004510219469977,2.891533678040589,35.77925321644348
202110,2.680785463702818,7.186610702400334,33.63171470426361
202111,1.0200490357460819,1.0405000353265113,36.704770037800515
202112,1.2162984788435005,1.4793819896370135,36.48532906064526
202201,2.8767060816763705,8.275437880353817,33.08730111528686
202202,2.1098194189981907,4.4513379807818625,34.999351065072844
202203,4.453403914858837,19.83280642888002,27.308616841023763
202204,3.514583868316518,12.352299767430697,31.048870171748426
202205,3.3467050853363505,11.200434928216188,31.624802591355678
202206,3.973096019852813,15.785491982970266,29.33227406397864
202207,4.0859698242261056,16.695149404486312,28.877445353220615
202208,2.1488689661124027,4.617637833520986,34.91620113870328
202209,3.345676302944706,11.193549924085755,31.628245093420894
202210,3.451896215014242,11.91558747922965,31.267226315848948
202211,2.3302228369728146,5.429938469949632,34.510050820488956
202212,3.1841260250010572,10.138658543089033,32.155690783919255
202301,3.43794456669228,11.819462843648969,31.315288633639287
202302,1.2290933896586098,1.5106705605024915,36.46968477521253
202303,1.5510234588377039,2.4056737698648747,36.022183170531335
202304,1.826107444065243,3.3346683972704945,35.55768585682853
202305,1.6280178152691047,2.6504420068335888,35.89979905204698
202306,2.188545236599073,4.789730252640494,34.830154929143525
202307,1.2217573801066406,1.4926910958450423,36.47867450754125
202308,1.236080338036289,1.5278946020799067,36.46107275442382
202309,2.0067425449004044,4.027015641513352,35.211512234707094
202310,2.4154245496708335,5.834275755152548,34.3078821778875
202311,2.894613600497826,8.378787896186987,33.03562610737028
202312,2.4527925077866417,6.016191086254282,34.21692451233663
202401,1.6467629857648651,2.711828331285213,35.869105889821164
202402,1.6911565107711166,2.8600103439235376,35.795014883502006
202403,1.5563579793481463,2.422250159880645,36.01389497552345
202404,1.6685698126802961,2.784125219787959,35.8329574455698
202405,1.5071484129672539,2.271496338709712,36.08927188610892
202406,1.5779915482189726,2.4900573262505104,35.97999139233852
202407,0.8325845408227495,0.6931970176170286,36.87842154665526
202408,1.3998463255968405,1.9595697352869756,36.245235187820285
202409,0.767583009287291,0.5891836761465334,36.93042821739051
202410,1.7993066687409893,3.237504488175796,35.60626781137587
202411,2.4769480087126587,6.135271437865605,34.15738433653097
202412,1.2813537532997383,1.6418674410953267,36.40408633491611
