Date,AAPL,AGG,AMZN,BAC,BND,BNDX,CORN,CSCO,DBA,DBC,DIA,DIS,EEM,EFA,EMB,GLD,GOOGL,HD,HYG,IEF,IWM,JNJ,JPM,KO,LQD,MA,META,MSFT,MUB,NVDA,PALL,PFE,PG,QQQ,SHY,SLV,SPY,TLT,TSLA,UNG,USO,V,VNQ,WEAT,WMT,XOM
2021-02-01,-0.08108542436830946,-0.016792962020135804,-0.03532841376742368,0.17065763463819006,-0.01704238918822476,-0.017360076058769547,0.02014219013577545,0.014668030648715469,0.0555216692172642,0.10138255217107872,0.03257969857543519,0.12410051935853095,0.007878320179505183,0.022378616635668314,-0.03355275244979217,-0.06256881416817583,0.10646523031425481,-0.04608223949654866,-0.006093885575581881,-0.024275163953775047,0.0620257428115234,-0.028627560274583463,0.15201576506156078,0.01744529602885425,-0.024557962025778313,0.12017001694535834,-0.0027481683625217856,0.0018103813563656868,-0.017092079371138547,0.055793926967586005,0.04146470025489646,-0.05698255639176997,-0.030690956011202974,-0.0013350680663893888,-0.0009261466033488874,-0.01320527918081249,0.027805442321565454,-0.05842154257290255,-0.14874045049393914,0.09670561765868402,0.17424675994711047,0.09904277690951124,0.03425153027043448,-0.0015873378696944496,-0.0752367072343576,0.21253340078746685
2021-03-01,0.008844971639806465,-0.011473900338736631,0.00037178414851712915,0.11466431220390838,-0.012626005641066085,-0.0001006852820005788,0.018002403347983975,0.15244043932119,-0.020809281804439417,-0.007172702395626729,0.06902615001585954,-0.02391020763304086,-0.00725853258739817,0.02513188499426211,-0.007295201118243888,-0.011433105943016053,0.02008494252995585,0.18158239311085134,0.012262386900435684,-0.023805364142828744,0.012047056630654973,0.043637932765765663,0.03438196079417666,0.07593422871167932,-0.014843835104446423,0.006217401896102093,0.14327285555243718,0.01692505453014559,0.005536108282571783,-0.026705277916637904,0.12828907562505232,0.0818153488748079,0.09633260574014835,0.015884564917244104,-0.0004634541654285895,-0.07948090416060338,0.04198669745724559,-0.05249417606288698,-0.011206569460841198,-0.0717054062985385,-0.018881688890440285,-0.0015598544501382872,0.04540798873136187,-0.04451506115569259,0.045489611741033276,0.04429127238698083
2021-04-01,0.07621783558736706,0.007457575825168261,0.12066273709568343,0.052760586229222195,0.007886941574731132,-0.0018407061429582816,0.18596691963425482,-0.015470891546937704,0.08618658900458187,0.0782661096755084,0.028626641600917546,0.008129165868922206,0.011998551946259761,0.029524037633885447,0.024023386248860357,0.035633887903232075,0.14107985696461256,0.06698842422324591,0.0065569657895443445,0.00999710259120068,0.01979255412208647,-0.009857278227882627,0.010379045517294294,0.0326179019665267,0.010513307547855621,0.07305154733733077,0.10372452889821937,0.06960162430318251,0.007731668121720325,0.1248426121120747,0.12166635818798999,0.06679561577240767,-0.014841369824652562,0.06043563597709256,0.0006025663651154645,0.0577092256349665,0.05635902856205499,0.024782658296728988,0.06214724771921731,0.09707727688749368,0.06760428721913558,0.10310299479505836,0.08490411004243859,0.1813643318202547,0.03433801022151317,0.025255327375621306
2021-05-01,-0.05210711471506724,0.0020383375913701762,-0.07047025525869377,0.045891889358072646,0.0022714598659485663,1.5620797822579746e-05,-0.024050022990935394,0.046537917968825226,0.01032608917485156,0.03852605101080053,0.02010335284873399,-0.039619452890869766,0.016487671604249243,0.034823011554686145,0.009705452495697875,0.07678377966625938,0.0014234056618842583,-0.01470616506506428,0.0003999893712152147,0.004219288301449575,0.0027123621386235808,0.04006641843445613,0.07409999522012423,0.02426843178845317,0.006235526898064503,-0.05510111807174645,0.011228180578993996,-0.009913565905613653,0.003458418419918674,0.08228122342023036,-0.04183665940544512,0.00206980033389903,0.01718461885438738,-0.012012325198173635,0.0006840977523123737,0.07871717499506481,0.006565983062877256,-7.660844631018904e-05,-0.11871335524117277,0.0009514965427264155,0.04968795212471222,-0.026802427275907537,0.008074274384851421,-0.07042253615718541,0.015152547510391967,0.019741368486739352
2021-06-01,0.10097599178744643,0.008332861194348062,0.06735498737093981,-0.027364829478748076,0.008939642863735608,0.00367313860325158,0.05322818506526339,0.0018904146042768577,0.002151641758885603,0.03494612162706501,6.240474845986554e-05,-0.016120781652854133,0.005102939541876683,-0.024124936676778175,0.0085217611200048,-0.07147662098325525,0.03603962384950954,-6.254182418574672e-05,0.01327145372803562,0.010183846814603603,0.017161607833358516,-0.020574342266473478,-0.052971350363219316,-0.02134202454286127,0.02210715194872348,0.012507627815200095,0.05773723624457339,0.08749427914655139,0.0035306580144673916,0.2313398496902459,-0.013262361069055761,0.021065456388163595,0.0005931700282530983,0.06139023262939136,-0.0017145407644545418,-0.0648648776030799,0.01909344494249643,0.04421945607549049,0.08713734718910104,0.24334594624975758,0.09819469570607176,0.03017862991547493,0.019123053903383758,0.025757587689451578,-0.0032118281295949735,0.09643584726325583
2021-07-01,0.06498225155214366,0.011272339357615513,-0.032722282722282725,-0.06569313980090052,0.011718785734371462,0.014916701760955053,-0.05849321248996453,0.04471699986058297,0.0010735670589716584,0.01298698866534398,0.014608828324707002,0.0014223072153705107,-0.06027314871073075,0.021513527982759406,0.00561924845340922,0.025297363508325565,0.10350618458491367,0.03456005244982041,0.001069829627572183,0.01992665827216067,-0.03482540654312105,0.045283452392210544,-0.024173664214920176,0.0619056460863463,0.014259402227499551,0.057109123166389164,0.024704518763766226,0.051716415993356746,0.004591782118933185,-0.02494836650842913,-0.04455829608349915,0.09320747097728566,0.05410193597759938,0.02980281839653931,0.001647910053530488,-0.02436004002124703,0.027764050564033083,0.03730630158860726,0.01103427987887895,0.05198779121881758,0.015637505264519236,0.0537594139853268,0.051639708310223575,0.020679448579028703,0.010849544140780987,-0.08734961306016598
2021-08-01,0.04093012858062961,-0.002084861780545122,0.043034169499993835,0.08837359146127155,-0.0019236934599926592,-0.004275419893551846,-0.005964256174353699,0.07335167152778821,0.025737194939835284,-0.01641023477169301,0.013303703603852135,0.02999654493917836,0.01569778209553241,0.014467068630534152,0.009039953831063485,-0.0007655451490135023,0.0740090527088424,-0.006124443454849637,0.006183396148090603,-0.0039234264334391256,0.02203108623271066,0.005400832392365995,0.0599006617508373,-0.01262488654166416,-0.0033432512208056986,-0.10183458899831599,0.06477680637901861,0.05956260345047104,-0.0018867675901065306,0.14800750941151408,-0.0688056443927747,0.0858971102959929,0.0074216191307407975,0.04218654377173148,-0.0003128644764734956,-0.06305543055591989,0.029759696321651097,-0.003316825573848381,0.07060538379906944,0.11337205232511471,-0.05171731029956972,-0.07017339527621336,0.021544714679689214,0.024602037633562723,0.03893362020209423,-0.05297896209108144
2021-09-01,-0.06664065735459446,-0.00917715200040381,-0.05351810876292584,0.016766189099655993,-0.010130254428182828,-0.010753865295036968,0.008500003814697177,-0.07777020341479124,-0.0005225900794474381,0.052137545841592914,-0.04248828435814578,-0.06690568359756754,-0.03873307253583502,-0.03261389569654216,-0.02634450121170062,-0.03223525924924131,-0.07616933823590177,0.006377084838882885,-0.0036009428734312676,-0.01600727098687138,-0.031736677033443184,-0.06163168029476618,0.023382132673698486,-0.06819406999909294,-0.015017982292094945,0.004187712056337611,-0.10540871857969247,-0.06433118567468177,-0.007005490525635483,-0.07439564970415702,-0.22798890656597526,-0.06642062473360344,-0.018189703639763355,-0.05787610894274198,-0.0010204664242836614,-0.07317068548078631,-0.04964992384239553,-0.02912072611099703,0.05404233150359361,0.31592690920372934,0.09408826751921917,-0.026391800643923657,-0.06262662819735443,0.0,-0.05541585211366096,0.09519963184965596
2021-10-01,0.05865744440137033,-0.00021626150272791023,0.02660245759664326,0.1313276009753941,0.0007434155792567232,-0.004400118438770861,0.05949433606348009,0.02829315829247836,0.008891186054126532,0.057978353758720624,0.061187041298112366,-0.0005910640934270184,0.01071839095911331,0.03179067414656922,0.001528887932977785,0.014797178527087285,0.10749893478596229,0.13821317538803823,-0.003289446681934871,-0.004440945957830622,0.04567245184877455,0.008544815155496543,0.037876450691038066,0.08243631503809956,0.005121258164505038,-0.0349745417766153,-0.04661312476940027,0.17629131078571514,-0.0005724162628311102,0.23416674722658648,0.0414353750308214,0.016972805282631898,0.0228183849436836,0.0798358456647894,-0.0033320853068861123,0.0765107046686353,0.07359200493004181,0.024651380837725112,0.436529595729082,-0.08432543530786174,0.08732876774467435,-0.04929269547506021,0.07797289035478583,0.06355936312874144,0.07203319439248013,0.09605582233468479
2021-11-01,0.10347119660059811,0.0027058899760254995,0.039923701306487036,-0.06927590975539533,0.001992997024570453,0.010555701609417767,-0.01591016093755504,-0.01357031310128487,0.0036288694223463036,-0.08758787970289261,-0.036887789748372035,-0.142958650747257,-0.040848237250671326,-0.045347162918107586,-0.018946796677329125,-0.006900653696985448,-0.04153102811485043,0.07766203197905797,-0.011574376874777026,0.010908701978429303,-0.043323839654114016,-0.042669537051879924,-0.05946719047472282,-0.06954037620908615,-0.0012321239207835344,-0.06021144624422292,0.002750496185683682,-0.00310596033143129,0.007374125369767004,0.27805389576246076,-0.13368149615979485,0.22839499281112574,0.017387840239619257,0.01996857509418759,-0.0005711193238941981,-0.0466274639896207,-0.008034990374595097,0.027709732023166955,0.02761218887377903,-0.18309855516784046,-0.16167981507896723,-0.08499790945324448,-0.021093334372423,0.006640068061694926,-0.058827253914692124,-0.07181640214295348
2021-12-01,0.07579658299035197,-0.004448829670287036,-0.04925196878828486,0.00044963720724888745,-0.006284070087689497,-0.035505754494710495,0.02425107999191356,0.1555434835164522,0.02014459114047895,0.06673522805752441,0.055465350699488214,0.0689442804776188,0.00020454509963441225,0.023945905808396173,0.018111796489834964,0.032990977123064535,0.02082127922981658,0.035945270272796925,0.0192450551230674,-0.006206122506607903,0.01961758386659418,0.10428098158299837,-0.003022009243323409,0.13763890718401983,-0.0020995375678934947,0.14098810805492668,0.03664561179229198,0.019193988070983936,-0.0015287719201066974,-0.09992055919217402,0.09483558610116005,0.1086605623496184,0.1314153483021172,0.010232921215460822,-0.002786527107881853,0.02136755813632285,0.042585044459268806,-0.021182581431571923,-0.07685451947850863,-0.1717506741174687,0.1346274427777494,0.12035655126768807,0.08684664869028969,-0.02506597086185236,0.028869797672077313,0.03630270758699661
2022-01-01,-0.015712026275194413,-0.01759531923025337,-0.10282991021845667,0.04207870358557475,-0.015970059595079356,0.015585886559915219,0.04967500693339799,-0.1215084992765958,0.02227846261411215,0.07892190114596942,-0.03190660427596559,-0.07695799801376324,0.014655385116257191,-0.017561925072399287,-0.027236417742442676,-0.016787612677039987,-0.06591901163555602,-0.1120751171208344,-0.019991126520968794,-0.019486196756491214,-0.09259894210807496,0.0071314683827674585,-0.06157239440263984,0.030400105814610834,-0.032321353981403234,0.07530928679826587,-0.06864873576730912,-0.07534499261084915,-0.02129431170599494,-0.16735239520938627,0.2472044247284022,-0.1077053341948474,-0.019134648146761135,-0.08630446442369755,-0.006109299954876302,-0.03300794905933846,-0.04941336868037838,-0.03688722918112086,-0.11360931817914044,0.3618895548914025,0.14937451877692776,0.04365275468882479,-0.07561442324718215,-0.010825429655129337,-0.029836671548409854,0.24137913189184812
2022-02-01,-0.0552696941806895,-0.012880174776266462,0.026672518265588474,-0.0420456782662888,-0.01301206476802852,-0.013419175508911363,0.0871295559564278,0.0076994007117914265,0.036651890939364495,0.06467444894940133,-0.032720752528619945,0.0383997612622502,-0.0432023043067602,-0.03429179524959758,-0.05864470925873344,0.061217257237826006,-0.001821744401000025,-0.13938089772585094,-0.012160509495350413,-0.003997459046166996,0.010335880779609008,-0.044808036442520516,-0.040040760707881096,0.020160826924745967,-0.023168301173722705,-0.06492742155527431,-0.32634236399200056,-0.03919874625670161,-0.00669707571326672,-0.004124860585705048,0.0626706908609076,-0.10235542641709439,-0.023173943899489124,-0.04475981924120387,-0.004590343578120937,0.08750008023702471,-0.029516861502792313,-0.01769795499655391,-0.0707681586632628,-0.09112287888762438,0.0800256698356292,-0.04443560015352643,-0.03482671101160484,0.2093023559213032,-0.03325942407153781,0.03238573632272934
2022-03-01,0.05882076943314507,-0.028140092848942366,0.061437285030015776,-0.06742097478372489,-0.027446967403578104,-0.022073044829700295,0.10496338208763722,-0.00017937239949472605,0.04538929854007745,0.09174691008747904,0.023617698034483547,-0.07611479107711394,-0.033811310633512726,0.005189805825463578,-0.011015828751833157,0.0127255799503041,0.02969492158060061,-0.052243361972592384,-0.012938708322503767,-0.040553151417536126,0.00959073485605133,0.08384068475466155,-0.03864596732215475,-0.00385616881589812,-0.02909012917107734,-0.009533648937509409,0.05368914012494996,0.03399537323492097,-0.025968204018113394,0.11896655477513574,-0.1053150499728761,0.10289722972355642,-0.019821665457901982,0.04538648127022782,-0.014043021063792294,0.011494178244337183,0.03437694561285176,-0.05437946357644119,0.2380088093327557,0.27554975838914175,0.0983995118454033,0.027812393681089675,0.05685591438818682,0.11538455729446495,0.10180529186233622,0.06485043100000087
2022-04-01,-0.09713077525644986,-0.038092316009129656,-0.2375250931362105,-0.1301685789015946,-0.04060698399411067,-0.030069070892172478,0.10382914987729341,-0.12159248734491224,0.008683826524463312,0.05640840272730263,-0.04728941836921974,-0.18613298207152496,-0.06135103750381676,-0.06739119934090476,-0.06702776669866217,-0.020702963524693363,-0.1794669195285894,0.009631015064929027,-0.04217787628042202,-0.042498496935236996,-0.09722063912322199,0.0182249173741158,-0.12441317238231575,0.050073927541850694,-0.06704659793461809,0.016788687102188282,-0.09844399153432992,-0.09986681459629165,-0.02512789918278302,-0.32015823645051555,0.019913852482785543,-0.05215352393277373,0.05071970250588764,-0.13488931341835486,-0.005104801957099059,-0.08041950667526199,-0.08493511116734376,-0.09442604447316383,-0.19194510982164714,0.26774852284451467,0.041014581798130445,-0.0389591972345491,-0.03563007352534342,0.05679517638091025,0.031303410304050594,0.03220723236824541
2022-05-01,-0.05588329861810881,0.0073374400019770025,-0.03276431760316645,0.04260094153637839,0.00894335956736425,-0.006756080272671383,-0.05870581240010753,-0.07393825102760943,-0.0036249299671432533,0.04613139369842556,0.0019116996330954539,-0.010660194201627116,0.006134997860425262,0.019959101236387555,0.0080203737144946,-0.03261547766106776,-0.003045334238381603,0.00782311343108577,0.016477584073354645,0.006093541108864287,0.0019464491048974963,-0.005153459590722109,0.11603667930628747,-0.019037317475890103,0.018488952220146126,-0.013796316308566148,-0.03406992137651621,-0.020358973404426384,0.014457837110356309,0.006739911119900688,-0.13376513811402913,0.08090481167601848,-0.07374866827844118,-0.015865917927320727,0.005862572670416455,-0.05703425431193121,0.0022571046947670315,-0.02269962503852596,-0.12919748573786138,0.11639999389648437,0.10769825251673115,-0.0045044457580589725,-0.04685387513809247,0.05278312732320822,-0.15922606203093315,0.12609987970666903
2022-06-01,-0.08008006798319334,-0.015567721901347698,-0.11645921262241288,-0.1631720806749587,-0.016699145781269298,-0.017303220614639625,-0.10843371865336315,-0.05349610742868549,-0.07321508280114586,-0.07500008467813257,-0.06555383998033193,-0.14523718807845165,-0.05956851119894602,-0.1074131562301287,-0.061226609985196245,-0.01565965107712486,-0.04218459180395662,-0.09407135335744965,-0.07047776919621829,-0.008667149078442127,-0.08607183462129708,-0.004898126490994081,-0.14837783209718336,-0.007415584991198432,-0.03636175333570868,-0.11845046956006411,-0.16726918558685855,-0.05312026498467182,-0.014507836020892784,-0.188142801017391,-0.032347211203271664,-0.0034398035623112166,-0.02765762627519286,-0.09082641221401766,-0.006190961304393783,-0.06048390895717448,-0.08640686724566038,-0.012821433870946808,-0.11188774122303669,-0.31888210917906923,-0.05990409118353712,-0.07024541112238081,-0.08034713071956467,-0.17593438999054067,-0.051372613579819926,-0.09877884109909418
2022-07-01,0.18863346525609304,0.025348232259802206,0.27059597129750057,0.0923461708747122,0.02376733417661825,0.032147381639828554,-0.00635929445081318,0.06402443845687245,-0.009322867312465455,-0.01989480566973778,0.07017081551367998,0.12394060680847474,0.004977155776680453,0.07495492859622432,0.03544710899811232,-0.0258815174913124,0.06751837848223463,0.10416986818380236,0.06633698288637446,0.029340378307305848,0.10854658655743399,-0.016843855972260457,0.024420670079067897,0.027398284605713474,0.044124857193553746,0.1214337286531153,-0.013333196426581706,0.09309654432576053,0.022310523959216066,0.19841953011732616,0.10174141072587206,-0.03662014370575806,-0.03393835009221913,0.1276808248461374,0.003923412431893425,0.003218957899984609,0.09680502653264877,0.02410487282584639,0.32376526434081954,0.5055234347525739,-0.028624710218308924,0.07730223603831665,0.09307841608572787,-0.06415928386654168,0.086116211266551,0.13183074250429794
2022-08-01,-0.032551778648896024,-0.030512589026303494,-0.06061504624052039,-0.005915423878847248,-0.027984584496203113,-0.03615691786381636,0.07480003356933596,-0.00545519932917804,0.02179294920988828,-0.014936872327378614,-0.03918336489253793,0.05636200877962261,-0.013263341985953025,-0.061168568367690246,-0.026784037652473724,-0.02943328245830701,-0.06963552187165334,-0.04160287359886483,-0.04252928455795435,-0.038764623206227644,-0.020026687491201733,-0.07552145599997717,-0.005409104990217739,-0.038335765646507314,-0.044012374273704635,-0.08175144960153546,0.02407276716181017,-0.06864002086295096,-0.024360183547400438,-0.16897007851758894,-0.02088839563475786,-0.09758548199085104,-0.0005362456751579758,-0.051321990896583625,-0.00820458357194731,-0.11336902421067896,-0.04080192518836512,-0.045375744818891506,-0.07248867234513756,0.10586997520780073,-0.06329278985588704,-0.06317482685715825,-0.06012521944543958,0.009456255714577644,0.003786430966777221,-0.013824263361189804
2022-09-01,-0.11975577727937303,-0.04154996091038543,-0.10862189009783763,-0.10145780269900784,-0.04192721317417181,-0.02894677255702327,0.006326761108459866,-0.10554556123195413,-0.02956854766902517,-0.07037317736276427,-0.08805831724341129,-0.15836910090106426,-0.1153944461960722,-0.0922205281218823,-0.06549452399108735,-0.028881810636775418,-0.1161522486388511,-0.03702802540321959,-0.038391904788215636,-0.047372115520836755,-0.10125328652194254,0.0193233064333469,-0.08115711731262165,-0.09220546612136049,-0.06015086015173332,-0.12340840075993764,-0.16724986008250897,-0.10737629689676542,-0.028219776327914614,-0.19577316917281862,0.042720016854764786,-0.03250052634936074,-0.08474706838391899,-0.10696018878969893,-0.012077674153187723,0.05548854526703173,-0.09615886140452112,-0.08262281898031365,-0.03758929611475259,-0.2612954362540275,-0.10709891623152368,-0.1044001027814363,-0.13804974663185166,0.0714285315459049,-0.017239505955121803,-0.07774530277254577
2022-10-01,0.10955126858983055,-0.01294753163806528,-0.09345130582826322,0.20124027205915063,-0.011672492333065776,0.005380293259363178,0.013683391988063898,0.1357500875838622,-0.00949051105204679,0.050606456362237484,0.1426752005919052,0.12943922306662214,-0.019782069994160434,0.05891808520640551,-0.002648795697436812,-0.017844407703562548,-0.011918444757205937,0.07316829884244602,0.03365143420493877,-0.014712809504882629,0.11737999663642618,0.06494835578793712,0.20459314293449915,0.07615772322588077,-0.007977068913297747,0.15418151330044494,-0.3133843573464681,-0.00330598320932296,-0.00856492063745784,0.11220125980118967,-0.1456093154570739,0.06375682231775781,0.0666930494800011,0.04186758179084982,-0.0013722118866027477,0.006857190813337022,0.0857173139008156,-0.05990059713303575,-0.14216779156971604,-0.12831480357938707,0.09574142335894376,0.1661130985071657,0.04626228059697457,-0.01857924408539502,0.09737823932359846,0.2691557651585139
2022-11-01,-0.034628946333285615,0.03799521701342812,-0.05759470309709913,0.050221849694127574,0.03652386965542398,0.02422706004747366,-0.03611819688542006,0.10459667923729232,0.01109418712694299,0.01472921087645962,0.057839312354039274,-0.08137788843776694,0.15589360903137695,0.13168096871385404,0.10057964011614384,0.0849186596373046,0.0685641567883386,0.09407997591735429,0.0354600130943572,0.035913033995816024,0.022036689465215753,0.0231649509615679,0.10753353836725443,0.06282382012820409,0.0667757783173708,0.08774141688882064,0.2677115220875035,0.09912539613965876,0.048463954230193895,0.25383446746246463,0.017770714363442686,0.0769066884178311,0.1154571029081628,0.05544142785128692,0.006523764762951023,0.15947782815569034,0.05559151420787578,0.07143084384275222,-0.14432626046795272,0.04121688847784499,-0.018174128960554925,0.047499512582872105,0.061460454890542415,-0.10467701874171909,0.07089168942865332,0.004782902807427991
2022-12-01,-0.12081654813622689,-0.01097512245276977,-0.1298943525647971,-0.12496693885035648,-0.01035090098965663,-0.03193701906310353,0.019303566518133586,-0.04183416081608571,0.004987669473849987,-0.032954120404819154,-0.040870435513098546,-0.11229187313429423,-0.04099180652269585,-0.022050006292442914,-0.01652733880159063,0.02930648566594085,-0.12634901366534945,-0.01919533494907011,-0.02310558115092476,-0.016634143722486505,-0.0694347928357808,-0.0011787451296222384,-0.029526745106135288,0.007092134821577334,-0.01864940168962359,-0.024326474254003472,0.01896691047375243,-0.05739649332795582,-0.004648387376788854,-0.13622081066041325,-0.05478585108022238,0.030903127673075126,0.016089970057500125,-0.09230958049040572,-0.0013321468529733371,0.07782673171008603,-0.061935766822049154,-0.028472002838827892,-0.3673343490707852,-0.335532477015864,-0.0017087105346148546,-0.040440811658310594,-0.06357846595164174,-0.007462679485599422,-0.06974150923643685,-0.001365628539050201
2023-01-01,0.11052098524157317,0.03803713062180125,0.22773806254069018,0.07751921834961761,0.03792522121992592,0.02947448993945634,-0.0129966720201804,0.021620308264414412,0.008871646058511873,0.015016849801219534,0.030995939115504578,0.2487339284072807,0.10792604579166509,0.094407167720439,0.04742806949148615,0.05759257431981046,0.12025370786356748,0.026309204566489885,0.04653527169205263,0.039893988710396844,0.1032545953462809,-0.07489380763992659,0.04369876318930688,-0.03600062603529752,0.05816663691192958,0.06576953487358606,0.23790931430766626,0.03331658473157373,0.028723661383526444,0.33686888210916566,-0.07286050956832624,-0.13817334614604226,-0.06056996139616755,0.10907808804577712,0.012055201763361278,-0.008628543601625016,0.06776818371926896,0.08160923744298865,0.4062347847991097,-0.3390071317251454,-0.01126802037726271,0.10805750725483199,0.11962928466627942,-0.0325814822381445,0.0184947727314535,0.051768042581272544
2023-02-01,0.021623310177421695,-0.02903640132833163,-0.08629878923214462,-0.033258254358931594,-0.02896801361559842,-0.016272009338951565,-0.057185871411836287,0.0028122120562579234,-0.001977356253753504,-0.044632124782704174,-0.04102664664211919,-0.08185084999255332,-0.0756770621703422,-0.030747866339438157,-0.030371903936997957,-0.05367596391642193,-0.0888304064222063,-0.08523283544746785,-0.023581779194415176,-0.034774677304674984,-0.017234174260596813,-0.06217109511788377,0.03178685283592686,-0.02951732064367729,-0.04464693077875148,-0.039755582384086496,0.17433038927968325,0.006496938470916147,-0.024694797262244217,0.18830921961118463,-0.14293183055328262,-0.07286129072980518,-0.027790487677138764,-0.00359785937229673,-0.009902361617929345,-0.11956026658146068,-0.02514280376703193,-0.05094701786226874,0.18756497670132144,-0.02145920770536125,-0.03043855481305069,-0.04461134396619859,-0.05864282498043982,-0.07383415936725934,-0.012094210372326941,-0.05258171694478353
2023-03-01,0.12035661280663357,0.026453467270273867,0.0961476943206232,-0.16618076716029373,0.026855892931623604,0.02561946823800243,0.006783722263241865,0.07971932457346176,0.011887129493135973,-0.0008417435980511145,0.020194817986385116,0.00522030339403079,0.03217366151946699,0.0312905543284252,0.015805822791910895,0.07916128247166143,0.15178771991603468,-0.0047887975812602734,0.018596584817146766,0.03730424714400482,-0.051971575206080756,0.018627272243344928,-0.0909663367485335,0.04234572698866157,0.03803968423224302,0.02285450687781787,0.21150114796250352,0.15877686826607196,0.02383740325375494,0.19645937017756432,0.029268265451297903,0.005669253714784217,0.08091003995740276,0.0932347513107128,0.016335093556542724,0.15088458009797745,0.03313479459491897,0.048506913881942504,0.008507121398494633,-0.2390350718962737,-0.011456578687028984,0.027105522691842632,-0.03126438909285745,-0.01258743376048388,0.03743040121905672,0.005402736622600157
2023-04-01,0.02898731562511969,0.0056298821537486,0.02091195675834423,0.030416283442509462,0.0056746971714989325,0.001850627204790678,-0.073325422712463,-0.09621279969137075,0.025452868552807262,-0.007582163336560255,0.028012680653036526,0.02366931410894013,-0.008362875723346819,0.029362422673822497,0.002952775996987178,0.008623522653246951,0.03480185281559067,0.025739927866224033,0.0035443484779247303,0.008217602049503059,-0.014313506491156813,0.05612900401564036,0.060854863386174074,0.042109782386855255,0.00645404972057162,0.045733606056646225,0.13390581751515152,0.06576474581024683,-0.0018764712804919537,-0.0008382799962395326,0.029102548355753433,-0.04681374968724361,0.05171830410026379,0.0066348017674182636,0.0022478492476427636,0.039782962358924534,0.01985252823683159,0.0033122974668433613,-0.20799193945263272,0.010086479983317576,0.015954207098781703,0.03224501023663673,0.013185749477441888,-0.09631725691925508,0.02806906744909199,0.07915372376412999
2023-05-01,0.04461326399691168,-0.011405480604907536,0.14348037288458837,-0.05088788855346704,-0.01158934859917704,0.0014740601378788742,-0.01197599612264888,0.05911322862585644,-0.023389149998236047,-0.06409166714383874,-0.03322453340104092,-0.14185367181335218,-0.0240226169985428,-0.04007070990589978,-0.011756273247222171,-0.013419890078922081,0.1446804830398154,-0.056864215573161014,-0.012114955831224128,-0.014797109026160493,-0.008162037876496164,-0.05277927648446079,-0.010597038254734459,-0.06999222176636433,-0.017967146489410113,-0.0379901546577367,0.10153146277315783,0.06876921540117875,-0.0064724131574016575,0.3634364502821579,-0.09117074230159672,-0.022370689640999974,-0.08305297893338404,0.07883824534075323,-0.003901896985450959,-0.06043475607167115,0.0046161381379770106,-0.030141750874270956,0.2411295460159617,-0.11554927149351923,-0.10177776195384836,-0.05027275462163028,-0.03961590766633383,-0.050156765818399784,-0.027157815457752754,-0.13655560539596268
2023-06-01,0.09584385699197884,-0.0038082100141479946,0.08110796675057008,0.03238563614308121,-0.002367673137145143,8.48939025743789e-08,-0.03939393213785791,0.04167506652362607,0.029814282114992263,0.02947849121609547,0.04574713687434384,0.015006842485844052,0.035873493289441116,0.0258950913749576,0.02492348524057597,-0.02221370606110007,-0.025799674036745435,0.10381494784463374,0.01735474872702092,-0.012522116944808648,0.07768887652751855,0.07551169019767046,0.07169689742512331,0.009386514590266737,0.008243581434805858,0.07747519060002417,0.08408871050688149,0.03926571004621415,0.005577402843601975,0.11809481473021433,-0.09912908923153574,-0.024805138517965286,0.06484209467052038,0.06158230718179403,-0.005033114492690061,-0.03331796392260311,0.060859128195936085,0.0020370999523275923,0.28362672689273194,0.19677424267105104,0.048160945365394614,0.07651891591958093,0.04450008850186071,0.06270629010379558,0.07426359769686153,0.05872620864257061
2023-07-01,0.012785311242388353,-0.00013964372830732596,0.025467873963526566,0.12427143237577454,-0.0011574851452341717,-0.0013750264232249565,0.04055879210768554,0.005798311300756476,0.0408163144654039,0.08722465921309297,0.03641710383701424,-0.0043682541923569795,0.06872200664783823,0.04586082914345124,0.017409392877236973,0.02288664235862692,0.10877204217957925,0.07468460853531056,0.010540986561062393,-0.006552618231330243,0.06402680105986525,0.012143461391671106,0.08608371658413172,0.0362280950664271,0.0005631159223624671,0.002491827292461446,0.11018190959938767,-0.013566791089858143,0.00020465947950443208,0.10476656868812162,0.03998948058158813,-0.016902936611199904,0.03005142501634106,0.040025571505349467,0.002911936392914649,0.08616568678796277,0.036569495715427225,-0.02549127512314009,0.021622049507798113,-0.04177896760000788,0.1513768536172484,0.0010527517986571588,0.031866331967361994,0.041925462504273314,0.017050492941711237,-9.318403348224091e-05
2023-08-01,-0.04367509383689727,-0.006422172580870522,0.0323907994336623,-0.10406243119474246,-0.0067369957031521155,0.0020094849935983206,-0.04417498705167189,0.11039365202221063,-0.008663873188115567,-0.0036467314236157122,-0.021079806356241848,-0.058611768457482394,-0.06626941906570283,-0.03934996156657711,-0.018429324107364975,-0.012777635059315506,0.025994645443127906,-0.010603899586651089,0.0024680811151267523,-0.007434353205009847,-0.05082792091676147,-0.03491900463867881,-0.06726427283367509,-0.03390929775279805,-0.012491969693441685,0.04807929882459794,-0.0712806468498004,-0.02429139171647654,-0.007719828591668421,0.056196404766364116,-0.04191666532342564,-0.007926322376088923,-0.0063182915973990506,-0.01483010784612837,0.004030533873133013,-0.013221733686558435,-0.016252015497689953,-0.031467197908000455,-0.034962443852926794,0.0,0.0258302506074215,0.03344136410959431,-0.03377911063069072,-0.10730257271766619,0.01720256351297289,0.03683325104079049
2023-09-01,-0.08744781230954835,-0.025869764536885054,-0.07890726899285905,-0.037036339279552855,-0.024857755085438304,-0.017420004715424042,-0.0022654842660587704,-0.06259817410529189,-0.015179452037003549,0.01504680943862624,-0.03554853284574455,-0.03142927211569446,-0.031146289780222713,-0.03648811474286906,-0.03349506050723117,-0.047605861131121974,-0.038995444051821426,-0.07935358863445074,-0.01605740306805392,-0.0314125815705012,-0.0629339726445518,-0.029683123587739835,-0.008952365261000073,-0.06434906671564078,-0.03569852305939192,-0.04054383312472032,0.014599944747499594,-0.03460327078502046,-0.025529329313083826,-0.11865053888088661,0.015083346944032794,-0.06246485970402593,-0.05494362774089023,-0.052170625243037616,-0.0007121370237589408,-0.09155869999747845,-0.05078265497518697,-0.07973479932275918,-0.030455617484936637,-0.0393811820745984,0.07727155929135465,-0.062021726643681774,-0.08157304089581541,-0.07011679724628517,-0.012984821663967416,0.0661376881122806
2023-10-01,-0.0025697610124053583,-0.015752635395342884,0.046963447626806376,-0.037984003287916734,-0.015223433305563305,-0.0015184530118833584,0.009990885957358309,-0.030319833283453446,0.02802437227411403,-0.018028859755398252,-0.01073600453128487,0.006662537224538356,-0.03293806398136867,-0.029019152976198614,-0.011979251157761661,0.07372411557093361,-0.05181111006316752,-0.05781710308370669,-0.010988210948688959,-0.019333207770353522,-0.06477231689077656,-0.04757640910579075,-0.041097789711354915,0.017116561692198884,-0.024471159388709696,-0.04940517567145175,0.0035308470366306466,0.0708156554092394,-0.012632539050917102,-0.06242999668064164,-0.10097325826985115,-0.07868547628948408,0.028589007721489645,-0.019237241126805582,0.0032850662114276563,0.031465063168498064,-0.018257981551358382,-0.05478994257169745,-0.1973463537763216,0.09809664476985724,-0.07222364485782018,0.022129499477008707,-0.026837850065786206,0.016157930516524255,0.021759557665509854,-0.09976196123934833
2023-11-01,0.11231472468205883,0.04564837923691978,0.0976782655173829,0.15755510154124264,0.04519310859465819,0.03421663104731287,-0.013039523883238369,-0.06523278750023853,0.012267078826630584,-0.02447976563437959,0.08993449819755295,0.1360461544359841,0.07792935044632832,0.0821876580054528,0.06218608757860089,0.02531372564947043,0.06810119590782926,0.10116259418060936,0.048745946254525885,0.04536677743481632,0.09202523786704764,0.04260484944273779,0.1306751663454222,0.03451933033600074,0.07600422380374261,0.10118217244011163,0.08590293664394189,0.12067086909386338,0.05693910159978155,0.14688562208945388,-0.09607580252625436,-0.0029450533944873625,0.02972050259720249,0.10818828402630531,0.010258985909022744,0.10247853505439575,0.09134401176426232,0.09894684831793477,0.19537943740621855,-0.2640000025431315,-0.0650492864807265,0.09179064372925239,0.12081736737749726,0.015901087458339846,-0.047243173645666214,-0.029381071474783305
2023-12-01,0.014917799328029835,0.0341648050419987,0.04004385139407618,0.11311015930389745,0.03273882059440636,0.004613609281969522,-0.01731212095248902,0.04423313311892163,-0.06912024969620545,-0.07820998356519726,0.048979983875181654,-0.02589283340934212,0.01643064825036933,0.040458408200592766,0.041794402905476646,0.012821182352028115,0.054025498605474453,0.1128808896452902,0.02768423873494852,0.03477818322677417,0.11716587930167277,0.021564633814388223,0.08982574243638619,0.0164140505994419,0.04494924468105577,0.030640703284296134,0.08195036759485652,-0.005560193938730307,0.020288255112633324,0.05884121756759031,0.08094525199478242,-0.042397155178513724,-0.04546632696535147,0.0532108629257928,0.007636680777309612,-0.058365694902876575,0.04143290038462477,0.08365558500728265,0.03498831153123483,-0.08152170485870291,-0.04975759757826004,0.016457550708101953,0.08112074876398556,0.03826083307680883,0.012589071044942557,-0.017965268081415964
2024-01-01,-0.042227118170823474,0.004216549708563777,0.021455801332457725,0.010098119163488128,0.004063269353459242,0.023230027913920148,-0.048215068284319984,-0.006730007047530573,0.09058817841358824,0.06294485793907456,0.014203293123706828,0.06726141044763101,-0.02720659816866222,0.007975052821799,-0.004188377647574515,-0.014228180398366375,0.002934970767730638,0.018496674976426153,0.010698359091005027,0.006370732545883717,-0.03548823752021302,0.01378077488563001,0.025044081094627302,0.00950290265667042,0.00287672441385034,0.05326949405306736,0.10221502589102682,0.057281152835817695,0.005193490891143293,0.242526730940273,-0.10693439460084275,-0.059395681861530214,0.07233516667874573,0.02076244421339246,0.009416997760282708,-0.03994494085424172,0.020045433390564638,-0.01619654388113334,-0.24625725810339172,-0.03205135620665611,0.06406596467081016,0.04958689517171422,-0.03887999882226434,-0.04857620972273391,0.05210116637986317,0.02830565663290563
2024-02-01,-0.01979410817670213,-0.017658811800155494,0.1389175127740745,0.014995692003979766,-0.016478283490092505,-0.007131342719778555,-0.04724798773796912,-0.028569534117850126,0.02542764525923147,-0.015226188857684009,0.02307930783256862,0.16168673140185752,0.04167745981540305,0.029862682597990187,0.0036371520103961608,0.004563548019519192,-0.01170585599215579,0.07833750977327947,-0.0019357634606744778,-0.023222003524356216,0.0562526493530775,0.01560743854843194,0.07368261873444792,0.008908984567479239,-0.022782849889267376,0.058496312722262855,0.2562924488413363,0.04039448519161781,-0.004517711331256891,0.28580956291987314,-0.037549838673965885,-0.0044428594394694265,0.01784260650103331,0.05283357565394908,-0.006804615927324287,-0.008608336034878539,0.0521868424596752,-0.025656836727265486,0.07790064669600238,-0.1574120416375293,0.034404998652054264,0.03432629959063638,0.019787780727237525,-0.051056332855180964,0.06402430712683249,0.016632675159368837
2024-03-01,-0.050075690439055465,0.009043788695350274,0.020479805886374214,0.10623165547745117,0.008588823022163794,0.011211655428958966,0.03169738528433674,0.031837926777430026,0.11632103728021148,0.04456569955462797,0.0216387246139933,0.09661223585809764,0.027256884959804273,0.0337864024270067,0.019769298814887648,0.08668323846462611,0.09006207328629645,0.007855907355976965,0.010179200527890675,0.007134082448845502,0.032248531135160574,-0.012324493976786144,0.07653447736540664,0.019326863795007254,0.015288228401981074,0.014344066769736985,-0.008232093591832634,0.018997172037957366,-0.0010506520087161242,0.14212757812569343,0.07630334100575253,0.04480421887875585,0.02082539592599386,0.011412311083552673,0.003440123995678057,0.09744334309549907,0.029503201471281937,0.007904419849255717,-0.12923524353897475,-0.11910526672666244,0.07320069113827521,-0.010754314694700784,0.010870876344743596,0.0037105716923799825,0.026616550356754587,0.12246727035939764
2024-04-01,-0.006706303820095294,-0.024804888889937593,-0.029825949313549094,-0.02399801667579815,-0.024256659141299375,-0.014137073426903735,-0.011397400334891894,-0.05870565812153694,-0.004846561241959035,0.016107959145061912,-0.047072014731584066,-0.09202358994260185,-0.0021908308565814494,-0.03243183328546595,-0.02383573226201363,0.02989497307015121,0.07851338690689813,-0.12351692711793616,-0.012934966677448312,-0.03156270895799873,-0.06610837778355272,-0.08597255201947418,-0.042735851916162804,0.017719533808019605,-0.03255005645590603,-0.06306457366174467,-0.11411089018055087,-0.07461025670936461,-0.009343986234634394,-0.04371537203083853,-0.06116332117867618,-0.076756699902928,0.005855159203763893,-0.04247329927073007,-0.0047815747675215015,0.057142823607057025,-0.03733778915435326,-0.06470958731780374,0.042607689739043275,-0.008922451418245325,-0.004445650814071778,-0.03751619997946498,-0.07157262280635457,0.05175604763506381,-0.010268642827524488,0.017463848690611572
2024-05-01,0.12869147821140503,0.016556069547907004,0.00822858537946436,0.08051893926151688,0.016749563227753006,0.002888010871931357,-0.0025063229321807823,-0.002130710075591735,0.019886345095378122,-0.002999130045687637,0.025396550151412844,-0.06471643989420484,0.019516831263520773,0.050601829091209805,0.025989092028015914,0.016189210429127243,0.0597123099697463,0.001944879696889723,0.016174452551865448,0.01795200315123835,0.050383002633425544,0.014385424645968259,0.06296008713689671,0.018779384826743906,0.021953329973213753,-0.007780964399899282,0.08522201633014892,0.06626778516508658,-0.0031400713794432766,0.2688711398290087,-0.041685689463493714,0.11865724093125296,0.014720922236232115,0.06151810137033098,0.007268739918792733,0.15426200039558657,0.05057970897953035,0.028669785399692893,-0.02837187354253501,0.21814409028680704,-0.04541972037946851,0.014332984877122534,0.04559709004979995,0.11072058138935592,0.10800338019433275,-0.008539703328683146
2024-06-01,0.09703858443053481,0.008823444199672403,0.09527316552932019,-0.005501325797915069,0.008777824462018025,0.006183275501268959,-0.07989950668679058,0.021720420991488076,-0.052924776562286446,-0.0017189809376074727,0.010793401226542487,-0.0444615078914079,0.019143403269407555,-0.03510706165531652,-0.0022680692384728918,-0.0013469974027457976,0.055942014197992496,0.03512714500544556,0.005401060133502167,0.012159597781179476,-0.013996290186836235,0.004578249968002934,-0.0018260131482136233,0.011441186435694028,0.006128701391863389,-0.013219373414684266,0.08009345810335233,0.07859265463414467,0.010140070700757065,0.1268503790820208,0.058830484717725895,-0.009003501597472985,0.0023094740553093462,0.0630117073429548,0.005455769047753245,-0.04286745404344505,0.03195089410969798,0.01825916307149411,0.11118599982126098,-0.009096068563056225,0.06375296261056218,-0.03488299794636629,0.006247125986636348,-0.1598101584570576,0.033217281944964094,-0.010275792540602069
2024-07-01,0.054410801342971604,0.02422037032170743,-0.032445041513381345,0.019742756209307544,0.023531390275318476,0.021337002415062534,-0.03549970712666095,0.01978538238410943,-0.002520943071781745,-0.027980999403820483,0.04671758930109782,-0.05640042285061919,0.015415807698173634,0.0438206891633095,0.026449183240384366,0.053671963349382734,-0.0571679112326241,0.06948647870726865,0.022896770564538427,0.028900893261855742,0.10643652316814678,0.079980778157557,0.0521111446030158,0.056682713905471305,0.02666820166886441,0.05111521200008151,-0.057353061326764765,-0.06398928308518148,0.01326912910177902,-0.052698609991836176,-0.04994945707893772,0.09149400921632678,-0.02522444788786793,-0.015218302609774303,0.011704391107312917,-0.006774569335461611,0.015374376891576613,0.036543461590912596,0.17278149180183244,-0.22317844378738372,-0.02324410804427135,0.012191903749974475,0.09281170368182257,-0.06967982853977284,0.013735071509981323,0.03014233751349993
2024-08-01,0.031159941382165712,0.014648736689637065,-0.0453524222981363,0.01091524765041596,0.01453722445097716,0.004943870539835693,0.0022650575239504533,0.05207390765217079,0.04802014224578821,-0.020814903281043184,0.01938521093050838,-0.030878853806922457,0.009778758656168396,0.032603255302123824,0.022645687685685312,0.02092249026936499,-0.047568905046006305,0.0009235635768527484,0.015517310496054426,0.013493598487204661,-0.016885499545024718,0.05074430998607027,0.06224453857433798,0.08585561383309881,0.018635656198216832,0.04387640921008895,0.0978875847028875,-0.002892326859349037,0.0023529737475938006,0.020082082833309478,0.04678637893465032,-0.03669239559671633,0.07347414533024188,0.011038662936428523,0.008922944885896289,-0.0015156881054874116,0.023365459990451365,0.02095675160105359,-0.07739046902676983,-0.012555397102872679,-0.04373554951515457,0.040275504248065586,0.05220648891464985,0.006072820369170451,0.12514575968079988,-0.005480978399800773
2024-09-01,0.018644927522182497,0.013282616876483466,0.043865556476496925,-0.02625760921196374,0.013173063271969987,0.012511437582300555,0.04463271040263583,0.05302733289206363,0.04863347059830825,0.007236577799776933,0.017421796797400635,0.06428414993453879,0.057412976991769726,0.007833163888621542,0.02048085991009896,0.050888514912532656,0.015118073628527906,0.10627162222895792,0.01739820103746359,0.013866860867635111,0.003680408061563112,-0.015494682050458009,-0.06201073538499258,-0.008417230566099998,0.01956389235198852,0.021641055208010185,0.0980798835857668,0.03340739653319469,0.011395755341975011,0.017341027898231776,0.03453730519963916,-0.002412954356536101,0.009677100508471037,0.02477585129270521,0.007555279091235656,0.07817834672181068,0.017882550177589662,0.020074743012495233,0.22194201175563166,0.22139117901893668,-0.05945652928008649,-0.0031430219914933,0.024072406747462916,0.05432595419005071,0.048558397594028024,0.0018968723893626471
2024-10-01,-0.030429130223674217,-0.022055433211222497,0.00037563497419568215,0.06080274931344021,-0.024461471265112333,-0.007133446679819411,-0.0324499939911812,0.02912436881821079,-0.022614037929940545,0.014369081749735058,-0.0069989782758473895,0.00010396587178851391,-0.030745700342132087,-0.05273225069487353,-0.024527260465735168,0.04299348742370923,0.03308450547251707,-0.028257607059761658,-0.004926528090046234,-0.03382333022856765,-0.010805941390719553,-0.013575151106609895,0.05245187363196169,-0.0849187176767352,-0.03178999315191444,0.011725398499997208,-0.007544009842160193,-0.05565873713297087,-0.012270291276794909,0.09330829457474432,0.12262707194736833,-0.022114814149562068,-0.04630479681208122,-0.007253155126556554,-0.006043639786146415,0.04927840992782695,-0.005883642734464067,-0.0545272938351159,-0.045025412068364634,-0.22167788747530692,0.045194561568407954,0.054191661489754406,-0.025427039295485288,-0.01908395209933933,0.014860615798284016,-0.00375359061987679
2024-11-01,0.050551066238625486,0.01099000241666137,0.1152897328156477,0.13605922844773155,0.010502157514806765,0.016613939099324293,-0.0011178619953788882,0.08932819729944863,0.049411807205990366,-0.01992037116836831,0.07799251490075587,0.22110190615351044,-0.026771709202930483,-0.0031557190733527696,0.017715468895001862,-0.031241364603207922,-0.01262354262007559,0.08985394634963884,0.0163081682125803,0.01003255853840046,0.11071818548102863,-0.030339088898197475,0.13216611344426066,-0.01883321290290141,0.018016454013696892,0.06817316290027287,0.011874968829028276,0.04210649817834078,0.01669137661787201,0.04135284326302768,-0.12303210373544493,-0.07385158076366471,0.09162093932205106,0.053508272521945344,0.002806630659026643,-0.06340152376747754,0.05963342026959251,0.01972618721065733,0.3814688622385134,0.13532653515865545,-0.020114958728400856,0.08704495429294834,0.04259167577101852,-0.06809336842879643,0.12873707593600203,0.010104441717034618
